CREATE DATABASE  IF NOT EXISTS `acadrev2` /*!40100 DEFAULT CHARACTER SET utf8mb4 COLLATE utf8mb4_0900_ai_ci */ /*!80016 DEFAULT ENCRYPTION='N' */;
USE `acadrev2`;
-- MySQL dump 10.13  Distrib 8.0.41, for Win64 (x86_64)
--
-- Host: localhost    Database: acadrev2
-- ------------------------------------------------------
-- Server version	8.0.41

/*!40101 SET @OLD_CHARACTER_SET_CLIENT=@@CHARACTER_SET_CLIENT */;
/*!40101 SET @OLD_CHARACTER_SET_RESULTS=@@CHARACTER_SET_RESULTS */;
/*!40101 SET @OLD_COLLATION_CONNECTION=@@COLLATION_CONNECTION */;
/*!50503 SET NAMES utf8 */;
/*!40103 SET @OLD_TIME_ZONE=@@TIME_ZONE */;
/*!40103 SET TIME_ZONE='+00:00' */;
/*!40014 SET @OLD_UNIQUE_CHECKS=@@UNIQUE_CHECKS, UNIQUE_CHECKS=0 */;
/*!40014 SET @OLD_FOREIGN_KEY_CHECKS=@@FOREIGN_KEY_CHECKS, FOREIGN_KEY_CHECKS=0 */;
/*!40101 SET @OLD_SQL_MODE=@@SQL_MODE, SQL_MODE='NO_AUTO_VALUE_ON_ZERO' */;
/*!40111 SET @OLD_SQL_NOTES=@@SQL_NOTES, SQL_NOTES=0 */;

--
-- Table structure for table `authorities`
--

DROP TABLE IF EXISTS `authorities`;
/*!40101 SET @saved_cs_client     = @@character_set_client */;
/*!50503 SET character_set_client = utf8mb4 */;
CREATE TABLE `authorities` (
  `id` int NOT NULL AUTO_INCREMENT,
  `name` varchar(255) NOT NULL,
  `email` varchar(255) DEFAULT NULL,
  `website` varchar(255) DEFAULT NULL,
  `description` text,
  `logo` varchar(255) DEFAULT NULL,
  `created_at` timestamp NULL DEFAULT CURRENT_TIMESTAMP,
  PRIMARY KEY (`id`),
  UNIQUE KEY `name` (`name`)
) ENGINE=InnoDB AUTO_INCREMENT=29 DEFAULT CHARSET=utf8mb4 COLLATE=utf8mb4_0900_ai_ci;
/*!40101 SET character_set_client = @saved_cs_client */;

--
-- Dumping data for table `authorities`
--

LOCK TABLES `authorities` WRITE;
/*!40000 ALTER TABLE `authorities` DISABLE KEYS */;
INSERT INTO `authorities` VALUES (2,'Palestine HEA','contact@psauth.org','https://www.psauth.org','Official authority for PS institutions','/logos/psauth.png','2025-05-15 21:38:00'),(19,'authtest',NULL,NULL,NULL,NULL,'2025-07-05 22:00:45');
/*!40000 ALTER TABLE `authorities` ENABLE KEYS */;
UNLOCK TABLES;

--
-- Table structure for table `colleges`
--

DROP TABLE IF EXISTS `colleges`;
/*!40101 SET @saved_cs_client     = @@character_set_client */;
/*!50503 SET character_set_client = utf8mb4 */;
CREATE TABLE `colleges` (
  `id` int NOT NULL AUTO_INCREMENT,
  `name` varchar(255) NOT NULL,
  `email` varchar(255) DEFAULT NULL,
  `website` varchar(255) DEFAULT NULL,
  `address` text,
  `logo` varchar(255) DEFAULT NULL,
  `head_name` varchar(255) DEFAULT NULL,
  `university_id` int DEFAULT NULL,
  `created_at` timestamp NULL DEFAULT CURRENT_TIMESTAMP,
  PRIMARY KEY (`id`),
  UNIQUE KEY `unique_college_name_per_university` (`name`,`university_id`),
  KEY `university_id` (`university_id`),
  CONSTRAINT `colleges_ibfk_1` FOREIGN KEY (`university_id`) REFERENCES `universities` (`id`) ON DELETE SET NULL
) ENGINE=InnoDB AUTO_INCREMENT=27 DEFAULT CHARSET=utf8mb4 COLLATE=utf8mb4_0900_ai_ci;
/*!40101 SET character_set_client = @saved_cs_client */;

--
-- Dumping data for table `colleges`
--

LOCK TABLES `colleges` WRITE;
/*!40000 ALTER TABLE `colleges` DISABLE KEYS */;
INSERT INTO `colleges` VALUES (1,'College of Arts','arts@birzeit.edu','https://www.birzeit.edu/en/faculties/arts','Birzeit, West Bank, Palestine','/logos/birzeit-arts.png','Dr. Ahmad Natsheh',2,'2025-05-15 22:33:00'),(2,'College of Engineering and Technology','eng@birzeit.edu','https://www.birzeit.edu/en/faculties/engineering','Birzeit, West Bank, Palestine','/logos/birzeit-eng.png','Dr. Samah Abu Awwad',2,'2025-05-15 22:33:00'),(3,'College of Law and Public Administration','law@birzeit.edu','https://www.birzeit.edu/en/faculties/law','Birzeit, West Bank, Palestine','/logos/birzeit-law.png','Dr. Reem Al-Botmeh',2,'2025-05-15 22:33:00'),(4,'College of Medicine and Health Sciences','medicine@najah.edu','https://www.najah.edu/en/academic/colleges/medicine','Nablus, West Bank, Palestine','/logos/najah-med.png','Dr. Khalil Issa',3,'2025-05-15 22:33:00'),(5,'College of Engineering and Information Technology','eng@najah.edu','https://www.najah.edu/en/academic/colleges/engineering','Nablus, West Bank, Palestine','/logos/najah-eng.png','Dr. Mohammad Naser',3,'2025-05-15 22:33:00'),(6,'College of Humanities','humanities@najah.edu','https://www.najah.edu/en/academic/colleges/humanities','Nablus, West Bank, Palestine','/logos/najah-hum.png','Dr. Fatima Darwish',3,'2025-05-15 22:33:00'),(7,'College of Medicine','medicine@alquds.edu','https://www.alquds.edu/en/faculties/medicine','Abu Dis, Jerusalem, Palestine','/logos/alquds-med.png','Dr. Hani Abdeen',4,'2025-05-15 22:33:00'),(8,'College of Arts','arts@alquds.edu','https://www.alquds.edu/en/faculties/arts','Abu Dis, Jerusalem, Palestine','/logos/alquds-arts.png','Dr. Ayman Yousef',4,'2025-05-15 22:33:00'),(9,'College of Science and Technology','science@alquds.edu','https://www.alquds.edu/en/faculties/science','Abu Dis, Jerusalem, Palestine','/logos/alquds-sci.png','Dr. Mona Khader',4,'2025-05-15 22:33:00'),(10,'College of Agriculture','agri@hebron.edu','https://www.hebron.edu/en/faculties/agriculture','Hebron, West Bank, Palestine','/logos/hebron-agri.png','Dr. Nael Salman',5,'2025-05-15 22:33:00'),(11,'College of Arts','arts@hebron.edu','https://www.hebron.edu/en/faculties/arts','Hebron, West Bank, Palestine','/logos/hebron-arts.png','Dr. Ibrahim Abu Jafar',5,'2025-05-15 22:33:00'),(12,'College of Sharia','sharia@hebron.edu','https://www.hebron.edu/en/faculties/sharia','Hebron, West Bank, Palestine','/logos/hebron-sharia.png','Dr. Mohammad Al-Hasan',5,'2025-05-15 22:33:00'),(13,'College of Engineering','eng@ppu.edu','https://www.ppu.edu/en/faculties/engineering','Hebron, West Bank, Palestine','/logos/ppu-eng.png','Dr. Ali Jaber',6,'2025-05-15 22:33:00'),(14,'College of Information Technology','it@ppu.edu','https://www.ppu.edu/en/faculties/it','Hebron, West Bank, Palestine','/logos/ppu-it.png','Dr. Samer Arandi',6,'2025-05-15 22:33:00'),(15,'College of Applied Sciences','science@ppu.edu','https://www.ppu.edu/en/faculties/science','Hebron, West Bank, Palestine','/logos/ppu-sci.png','Dr. Amjad Barham',6,'2025-05-15 22:33:00'),(16,'Faculty of Arts','arts@bethlehem.edu','https://www.bethlehem.edu/academics/arts','Bethlehem, West Bank, Palestine','/logos/bethlehem-arts.png','Dr. Jamil Khader',7,'2025-05-15 22:33:00'),(17,'Faculty of Nursing and Health Sciences','nursing@bethlehem.edu','https://www.bethlehem.edu/academics/nursing','Bethlehem, West Bank, Palestine','/logos/bethlehem-nursing.png','Dr. Mariam Awad',7,'2025-05-15 22:33:00'),(18,'Faculty of Business Administration','business@bethlehem.edu','https://www.bethlehem.edu/academics/business','Bethlehem, West Bank, Palestine','/logos/bethlehem-business.png','Dr. Fadi Kattan',7,'2025-05-15 22:33:00'),(20,'Ameer College','ameryasen45@gmail.com','t','','https://tse2.mm.bing.net/th/id/OIP.PiKa7zAblxPKA5_Dc_HFuwHaE8?r=0&rs=1&pid=ImgDetMain&o=7&rm=3','ameer yasen 7',17,'2025-05-20 23:16:31');
/*!40000 ALTER TABLE `colleges` ENABLE KEYS */;
UNLOCK TABLES;

--
-- Table structure for table `departments`
--

DROP TABLE IF EXISTS `departments`;
/*!40101 SET @saved_cs_client     = @@character_set_client */;
/*!50503 SET character_set_client = utf8mb4 */;
CREATE TABLE `departments` (
  `id` int NOT NULL AUTO_INCREMENT,
  `name` varchar(255) NOT NULL,
  `email` varchar(255) DEFAULT NULL,
  `website` varchar(255) DEFAULT NULL,
  `address` text,
  `logo` varchar(255) DEFAULT NULL,
  `head_name` varchar(255) DEFAULT NULL,
  `college_id` int DEFAULT NULL,
  `created_at` timestamp NULL DEFAULT CURRENT_TIMESTAMP,
  PRIMARY KEY (`id`),
  UNIQUE KEY `name` (`name`),
  KEY `college_id` (`college_id`),
  CONSTRAINT `departments_ibfk_1` FOREIGN KEY (`college_id`) REFERENCES `colleges` (`id`) ON DELETE SET NULL
) ENGINE=InnoDB AUTO_INCREMENT=57 DEFAULT CHARSET=utf8mb4 COLLATE=utf8mb4_0900_ai_ci;
/*!40101 SET character_set_client = @saved_cs_client */;

--
-- Dumping data for table `departments`
--

LOCK TABLES `departments` WRITE;
/*!40000 ALTER TABLE `departments` DISABLE KEYS */;
INSERT INTO `departments` VALUES (1,'Department of Fine Arts','finearts@birzeit.edu',NULL,NULL,NULL,'Dr. Laila Khaled',1,'2025-05-15 22:33:00'),(2,'Department of Music','music@birzeit.edu',NULL,NULL,NULL,'Dr. Rami Odeh',1,'2025-05-15 22:33:00'),(3,'Department of Literature','literature@birzeit.edu',NULL,NULL,NULL,'Dr. Sana Daraghmeh',1,'2025-05-15 22:33:00'),(4,'Department of Civil Engineering','civileng@birzeit.edu',NULL,NULL,NULL,'Dr. Khaled Jaber',2,'2025-05-15 22:33:00'),(5,'Department of Mechanical Engineering','mecheng@birzeit.edu',NULL,NULL,NULL,'Dr. Nidal Shweiki',2,'2025-05-15 22:33:00'),(6,'Department of Electrical Engineering','eleceng@birzeit.edu',NULL,NULL,NULL,'Dr. Hisham Darwish',2,'2025-05-15 22:33:00'),(7,'Department of Public Law','publiclaw@birzeit.edu',NULL,NULL,NULL,'Dr. Wael Abu Shanab',3,'2025-05-15 22:33:00'),(8,'Department of International Law','intlaw@birzeit.edu',NULL,NULL,NULL,'Dr. Nour Hamdan',3,'2025-05-15 22:33:00'),(9,'Department of Public Administration','pubadmin@birzeit.edu',NULL,NULL,NULL,'Dr. Fadi Qawasmi',3,'2025-05-15 22:33:00'),(10,'Department of General Medicine','genmed@najah.edu',NULL,NULL,NULL,'Dr. Rania Amr',4,'2025-05-15 22:33:00'),(11,'Department of Surgery','surgery@najah.edu',NULL,NULL,NULL,'Dr. Tamer Salah',4,'2025-05-15 22:33:00'),(12,'Department of Public Health','pubhealth@najah.edu',NULL,NULL,NULL,'Dr. Aseel Mansour',4,'2025-05-15 22:33:00'),(13,'Department of Computer Engineering','compeng@najah.edu',NULL,NULL,NULL,'Dr. Basel Hamed',5,'2025-05-15 22:33:00'),(14,'Department of Software Engineering','softeng@najah.edu',NULL,NULL,NULL,'Dr. Anas Toma',5,'2025-05-15 22:33:00'),(15,'Department of Network Systems','networks@najah.edu',NULL,NULL,NULL,'Dr. Saed Tarapiah',5,'2025-05-15 22:33:00'),(16,'Department of History','history@najah.edu',NULL,NULL,NULL,'Dr. Maher Zayed',6,'2025-05-15 22:33:00'),(17,'Department of Philosophy','philosophy@najah.edu',NULL,NULL,NULL,'Dr. Rula Halawani',6,'2025-05-15 22:33:00'),(18,'Department of Sociology','sociology@najah.edu',NULL,NULL,NULL,'Dr. Khaled Amayreh',6,'2025-05-15 22:33:00'),(19,'Department of Clinical Medicine','clinmed@alquds.edu',NULL,NULL,NULL,'Dr. Imad Dweikat',7,'2025-05-15 22:33:00'),(20,'Department of Biomedical Sciences','biomed@alquds.edu',NULL,NULL,NULL,'Dr. Suhair Ereqat',7,'2025-05-15 22:33:00'),(21,'Department of Medical Research','medresearch@alquds.edu',NULL,NULL,NULL,'Dr. Ziad Abdeen',7,'2025-05-15 22:33:00'),(22,'Department of Visual Arts','visualarts@alquds.edu',NULL,NULL,NULL,'Dr. Samira Salameh',8,'2025-05-15 22:33:00'),(23,'Department of Performing Arts','performingarts@alquds.edu',NULL,NULL,NULL,'Dr. Nabil Al-Khatib',8,'2025-05-15 22:33:00'),(24,'Department of Cultural Studies','culturalstudies@alquds.edu',NULL,NULL,NULL,'Dr. Aida Nassar',8,'2025-05-15 22:33:00'),(25,'Department of Physics','physics@alquds.edu',NULL,NULL,NULL,'Dr. Mohammad Sabri',9,'2025-05-15 22:33:00'),(26,'Department of Chemistry','chemistry@alquds.edu',NULL,NULL,NULL,'Dr. Hala Jarrar',9,'2025-05-15 22:33:00'),(27,'Department of Biology','biology@alquds.edu',NULL,NULL,NULL,'Dr. Fuad Hashwa',9,'2025-05-15 22:33:00'),(28,'Department of Agronomy','agronomy@hebron.edu',NULL,NULL,NULL,'Dr. Yasser Haddad',10,'2025-05-15 22:33:00'),(29,'Department of Horticulture','horticulture@hebron.edu',NULL,NULL,NULL,'Dr. Rezq Basheer',10,'2025-05-15 22:33:00'),(30,'Department of Animal Science','animalscience@hebron.edu',NULL,NULL,NULL,'Dr. Adnan Shqueir',10,'2025-05-15 22:33:00'),(31,'Department of Arabic Studies','arabic@hebron.edu',NULL,NULL,NULL,'Dr. Issam Halayqa',11,'2025-05-15 22:33:00'),(32,'Department of English Literature','englishlit@hebron.edu',NULL,NULL,NULL,'Dr. Ahmad Atawneh',11,'2025-05-15 22:33:00'),(33,'Department of History and Archaeology','historyarch@hebron.edu',NULL,NULL,NULL,'Dr. Jehad Abu Salim',11,'2025-05-15 22:33:00'),(34,'Department of Islamic Studies','islamicstudies@hebron.edu',NULL,NULL,NULL,'Dr. Saber Al-Kilani',12,'2025-05-15 22:33:00'),(35,'Department of Sharia Law','sharialaw@hebron.edu',NULL,NULL,NULL,'Dr. Wael Al-Zard',12,'2025-05-15 22:33:00'),(36,'Department of Comparative Religion','comparativereligion@hebron.edu',NULL,NULL,NULL,'Dr. Munir Fakhouri',12,'2025-05-15 22:33:00'),(37,'Department of Industrial Engineering','indeng@ppu.edu',NULL,NULL,NULL,'Dr. Tamer Haddad',13,'2025-05-15 22:33:00'),(38,'Department of Chemical Engineering','chemeng@ppu.edu',NULL,NULL,NULL,'Dr. Maher Al-Jabari',13,'2025-05-15 22:33:00'),(39,'Department of Structural Engineering','structeng@ppu.edu',NULL,NULL,NULL,'Dr. Muath Abu Sadah',13,'2025-05-15 22:33:00'),(40,'Department of Cybersecurity','cybersecurity@ppu.edu',NULL,NULL,NULL,'Dr. Mohammed Awad',14,'2025-05-15 22:33:00'),(41,'Department of Data Science','datascience@ppu.edu',NULL,NULL,NULL,'Dr. Iyad Tumar',14,'2025-05-15 22:33:00'),(42,'Department of Artificial Intelligence','ai@ppu.edu',NULL,NULL,NULL,'Dr. Labib Arafeh',14,'2025-05-15 22:33:00'),(43,'Department of Applied Physics','appliedphysics@ppu.edu',NULL,NULL,NULL,'Dr. Wael Abu Arafeh',15,'2025-05-15 22:33:00'),(44,'Department of Environmental Science','envscience@ppu.edu',NULL,NULL,NULL,'Dr. Issam A. Al-Khatib',15,'2025-05-15 22:33:00'),(45,'Department of Mathematics','mathematics@ppu.edu',NULL,NULL,NULL,'Dr. Jihad Asad',15,'2025-05-15 22:33:00'),(46,'Department of Creative Writing','creativewriting@bethlehem.edu',NULL,NULL,NULL,'Dr. Hanadi Ibrahim',16,'2025-05-15 22:33:00'),(47,'Department of Modern Languages','modernlanguages@bethlehem.edu',NULL,NULL,NULL,'Dr. Michel Hanania',16,'2025-05-15 22:33:00'),(48,'Department of Anthropology','anthropology@bethlehem.edu',NULL,NULL,NULL,'Dr. Rana Sobh',16,'2025-05-15 22:33:00'),(49,'Department of Pediatric Nursing','pediatricnursing@bethlehem.edu',NULL,NULL,NULL,'Dr. Muna Abu Ramadan',17,'2025-05-15 22:33:00'),(50,'Department of Community Health','communityhealth@bethlehem.edu',NULL,NULL,NULL,'Dr. Rania Abu Seir',17,'2025-05-15 22:33:00'),(51,'Department of Mental Health Nursing','mentalhealthnursing@bethlehem.edu',NULL,NULL,NULL,'Dr. Hala Yamani',17,'2025-05-15 22:33:00'),(52,'Department of Finance','finance@bethlehem.edu',NULL,NULL,NULL,'Dr. Simon Awad',18,'2025-05-15 22:33:00'),(53,'Department of Marketing','marketing@bethlehem.edu',NULL,NULL,NULL,'Dr. Grace Khoury',18,'2025-05-15 22:33:00'),(54,'Department of Management','management@bethlehem.edu',NULL,NULL,NULL,'Dr. Nabil Abu Hantash',18,'2025-05-15 22:33:00'),(56,'Ameer Depratment','ameryasen45@gmail.com',NULL,NULL,'https://tse1.mm.bing.net/th/id/OIP.Ag_It2vnUtAZlLcIQ9emlAHaEK?r=0&rs=1&pid=ImgDetMain&o=7&rm=3','Ameer Yasen',20,'2025-05-29 23:16:29');
/*!40000 ALTER TABLE `departments` ENABLE KEYS */;
UNLOCK TABLES;

--
-- Table structure for table `domains`
--

DROP TABLE IF EXISTS `domains`;
/*!40101 SET @saved_cs_client     = @@character_set_client */;
/*!50503 SET character_set_client = utf8mb4 */;
CREATE TABLE `domains` (
  `id` int NOT NULL,
  `domain_ar` varchar(200) DEFAULT NULL,
  `domain_en` varchar(200) DEFAULT NULL,
  PRIMARY KEY (`id`)
) ENGINE=InnoDB DEFAULT CHARSET=utf8mb4 COLLATE=utf8mb4_0900_ai_ci;
/*!40101 SET character_set_client = @saved_cs_client */;

--
-- Dumping data for table `domains`
--

LOCK TABLES `domains` WRITE;
/*!40000 ALTER TABLE `domains` DISABLE KEYS */;
INSERT INTO `domains` VALUES (1,'أهداف البرنامج ومخرجات التعلم','Program Objectives and Learning Outcomes'),(2,'المنهاج الدراسي','Curriculum'),(3,'التعليم والتعلم','Teaching and Learning'),(4,'أعضاء هيئة التدريس','Faculty Members'),(5,'المكتبة ومصادر التعلم','Library and Learning Resources'),(6,'تقدم الطلبة وتقويم أدائهم','Student Progress and Assessment'),(7,'المرافق والخدمات المساندة','Facilities and Support Services'),(8,'إدارة البرنامج الأكاديمي','Academic Program Management'),(9,'البحث العلمي والتواصل الخارجي','Scientific Research and External Relations'),(10,'إدارة الجودة وتحسينها','Quality Management and Improvement');
/*!40000 ALTER TABLE `domains` ENABLE KEYS */;
UNLOCK TABLES;

--
-- Table structure for table `files`
--

DROP TABLE IF EXISTS `files`;
/*!40101 SET @saved_cs_client     = @@character_set_client */;
/*!50503 SET character_set_client = utf8mb4 */;
CREATE TABLE `files` (
  `id` int NOT NULL AUTO_INCREMENT,
  `dom_id` int DEFAULT NULL,
  `area_id` int DEFAULT NULL,
  `response_id` int DEFAULT NULL,
  `name` varchar(500) DEFAULT NULL,
  `descripe` text,
  `location` varchar(500) DEFAULT NULL,
  `type` varchar(100) DEFAULT NULL,
  `uploaded_at` timestamp NULL DEFAULT CURRENT_TIMESTAMP,
  PRIMARY KEY (`id`)
) ENGINE=InnoDB DEFAULT CHARSET=utf8mb4 COLLATE=utf8mb4_0900_ai_ci;
/*!40101 SET character_set_client = @saved_cs_client */;

--
-- Dumping data for table `files`
--

LOCK TABLES `files` WRITE;
/*!40000 ALTER TABLE `files` DISABLE KEYS */;
/*!40000 ALTER TABLE `files` ENABLE KEYS */;
UNLOCK TABLES;

--
-- Table structure for table `indicators`
--

DROP TABLE IF EXISTS `indicators`;
/*!40101 SET @saved_cs_client     = @@character_set_client */;
/*!50503 SET character_set_client = utf8mb4 */;
CREATE TABLE `indicators` (
  `id` int NOT NULL,
  `domain` int DEFAULT NULL,
  `text` text,
  `text_en` text,
  PRIMARY KEY (`id`)
) ENGINE=InnoDB DEFAULT CHARSET=utf8mb4 COLLATE=utf8mb4_0900_ai_ci;
/*!40101 SET character_set_client = @saved_cs_client */;

--
-- Dumping data for table `indicators`
--

LOCK TABLES `indicators` WRITE;
/*!40000 ALTER TABLE `indicators` DISABLE KEYS */;
INSERT INTO `indicators` VALUES (1,1,'يتوفر في  البرنامج الأكاديمي أهداف واضحة ومحددة.','The academic program has clear and specific objectives.'),(2,1,'تم ترجمة رسالة  البرنامج الأكاديمي إلى أهداف إجرائية قابلة للقياس.','The academic program\'s mission is translated into measurable, procedural objectives.'),(3,1,'شارك أعضاء هيئة التدريس والطلبة في وضع رسالة  البرنامج الأكاديمي.','Faculty members and students participated in developing the academic program\'s mission.'),(4,1,'تستند رسالة  البرنامج الأكاديمي إلى أهداف الكلية ورسالتها في عملية التخطيط واتخاذ القرار.','The academic program\'s mission is based on the college\'s goals and mission in planning and decision-making.'),(5,1,'أهداف  البرنامج الأكاديمي ومخرجات التعلم  قابلة للقياس.','The academic program\'s objectives and learning outcomes are measurable.'),(6,1,'رسالة  البرنامج الأكاديمي وأهدافه ومخرجات تعلمه مصادق عليها من مجلس الكلية.','The academic program\'s mission, objectives, and learning outcomes are approved by the College Council.'),(7,1,'رسالة  البرنامج الأكاديمي وأهدافه ومخرجات تعلمه منشورة ومعلنة ومعروفة للمجتمع، وأعضاء هيئة التدريس، والإداريين، والطلبة.','The academic program\'s mission, objectives, and learning outcomes are published, announced, and known to the community, faculty, administrators, and students.'),(8,1,'تتضمن أهداف  البرنامج الأكاديمي مخرجات التعلم المتوقعة من الخريجين.','The academic program\'s objectives include the expected learning outcomes for graduates.'),(9,1,'تركز أهداف  البرنامج الأكاديمي  ومخرجات التعلم على إتاحة فرص الدراسة والتخصص والتعمق في ميدان المعرفة.','The academic program\'s objectives and learning outcomes focus on providing opportunities for study, specialization, and in-depth knowledge in the field.'),(10,1,'تركز أهداف  البرنامج الأكاديمي ومخرجات التعلم  على تشجيع البحث العلمي والاستقلال الفكري وتنمية روح العمل الجماعي.','The academic program\'s objectives and learning outcomes focus on encouraging scientific research, intellectual independence, and developing a spirit of teamwork.'),(11,1,'تتضمن أهداف  البرنامج الأكاديمي ومخرجات التعلم التعرف على التكنولوجيا المتقدمة وتنمية القدرا ت على استيعابها واستخدامها في مجال التخصص.','The academic program\'s objectives and learning outcomes include identifying advanced technology and developing the ability to absorb and use it in the field of specialization.'),(12,1,'تعنى أهداف  البرنامج الأكاديمي ومخرجات التعلم بالربط بين التعليم الأكاديمي وقطاعات العمل المختلفة.','The academic program\'s objectives and learning outcomes are concerned with linking academic education with various work sectors.'),(13,1,'تركز أهداف  البرنامج الأكاديمي ومخرجات التعلم على إدخال أساليب حديثة في نظام التعلم التي تزيد من قدرة الطالب على الإبداع والابتكار.','The academic program\'s objectives and learning outcomes focus on introducing modern methods into the learning system that increase the student\'s ability for creativity and innovation.'),(14,2,'يتواءم المنهاج الدراسي ومقرراته مع الفلسفة العامة للمؤسسة التعليمية، وتحقق رسالتها وأهدافها، وحاجات الطلبة والمجتمع.','The curriculum and its courses are aligned with the general philosophy of the educational institution, achieving its mission, goals, and the needs of students and society.'),(15,2,'يقوم القسم بالتعريف الكامل بمكونات كل برنامج دراسي من حيث  النظام المتبع      ( فصلي، سنوي، ساعات معتمدة).','The department provides a full definition of each study program\'s components (semester, annual, credit hours system).'),(16,2,'يتأكد القسم من وضوح الأدوار والمسؤوليات المختلفة للأجهزة المشاركة في تصميم برامجه ومراجعتها (مجلس القسم، واللجان، وغيرها ).','The department ensures clarity of roles and responsibilities for the bodies involved in designing and reviewing its programs (Department Council, committees, etc.).'),(17,2,'يهتم القسم بمدى ملاءمة البرامج الأكاديمية لاحتياجات المجتمع، وسوق العمل، ومتطلبات التنمية المعرفية.','The department is concerned with the relevance of academic programs to the needs of the community, the labor market, and knowledge development requirements.'),(18,2,'يتاكد القسم من أن مخرجات تعلم البرنامج الأكاديمي متوافقة مع المعايير المحلية والعالمية في التعليم العالي من خلال تقويم المخرجات التعليمية والبرامج الأكاديمية والمقررات الدراسية والشهادات. ','The department ensures that the academic program\'s learning outcomes are compatible with local and international standards in higher education by evaluating educational outcomes.'),(19,2,'يراعى في تصميم البرنامج الأكاديمي ملاحظات وآراء المتخصصين والممارسين والمستفيدين.','The design of the academic program takes into account the feedback and opinions of specialists, practitioners, and beneficiaries.'),(20,2,'يتم مراجعة التخصصات والبرامج الأكاديمية التي نفذها القسم بصورة دورية.','The specializations and academic programs implemented by the department are reviewed periodically.'),(21,2,'يوجد في القسم نظام معتمد لتقويم نتائج التدريب الميداني للطلبة.','The department has an approved system for evaluating the results of students\' field training.'),(22,2,'يكلف القسم الطلبة بإعداد مشروع تخرج في نهاية المرحلة الجامعية.','The department requires students to prepare a graduation project at the end of their university studies.'),(23,2,'يمتلك القسم ملفات متكاملة عن كل مقرر من المقررات الدراسية يتضمن بيانات مفصلة عنه.','The department maintains comprehensive files for each course, including detailed data about it.'),(24,2,'يتوفر في القسم حقيبة وثائقية عن المقررات الدراسية لآخر فصلين دراسيين تتضمن (توصيف المقرر، نسخة من واجبات الطلبة، التمارين، المشروعات، الاختبارات، توزيع الدرجات، وغيرها).','The department has a documentation portfolio for courses from the last two semesters, including (course description, a copy of student assignments, exercises, projects, etc.).'),(25,2,'يوفر القسم المناهج الدراسية المتطورة التي تواكب تطورات العصر وتتأكد من جودتها والتحسين المستمر لها.','The department provides advanced curricula that keep pace with modern developments and ensures their quality and continuous improvement.'),(26,2,'يقارن القسم ما يدرس في كل مقرر دراسي بنظيره في المؤسسات التعليمية المتميزة.','The department compares what is taught in each course with its counterpart in distinguished educational institutions.'),(27,2,'يضع القسم قائمة بأسماء الكتب المعتمدة كمصادر لكل مقرر دراسي.','The department establishes a list of approved books as sources for each course.'),(28,2,'يحقق المنهاج الدراسي ومحتوياته المهارات المطلوبة لسوق العمل.','The curriculum and its content achieve the skills required by the labor market.'),(29,2,'تحقق المناهج الدراسية المقررة مهارات تنمية التفكير العلمي والتعلم الذاتي.','The prescribed curricula achieve skills for developing scientific thinking and self-learning.'),(30,2,'يراعي  المنهاج الدراسي المبادىء الأساسية والنظريات والاتجاهات والمدارس الفكرية في مجال التخصص.','The curriculum considers the basic principles, theories, trends, and schools of thought in the field of specialization.'),(31,2,'يراعي  المنهاج الدراسي المعارف العلمية العميقة الخصبة في تدريس الموضوعات الأساسية في التخصص.','The curriculum considers deep and fertile scientific knowledge in teaching the basic topics of the specialization.'),(32,2,'يراعي  المنهاج الدراسي القدرة على استخدام المفاهيم والمصطلحات والمحتوى استخداماً سليماً.','The curriculum considers the ability to use concepts, terminology, and content correctly.'),(33,2,'يراعي  المنهاج الدراسي الخبرة في توظيف المعارف والمهارات التي اكتسبها الطالب خلال الدراسة في المجال الوظيفي أو إكمال دراسته العليا.','The curriculum considers experience in applying the knowledge and skills acquired by the student during their studies in the professional field or for pursuing graduate studies.'),(34,2,'يراعي  المنهاج الدراسي التطورات والاتجاهات الحديثة والقضايا المعاصرة المرتبطة في مجال التخصص.','The curriculum considers modern developments, recent trends, and contemporary issues related to the field of specialization.'),(35,2,'يراعي  المنهاج الدراسي الربط  بين معرفته الأكاديمية ذات العلاقة بالتخصص وبين المجالات المعرفية الأخرى.','The curriculum considers the link between its specialization-related academic knowledge and other fields of knowledge.'),(36,3,'توجد خطة موثقة  ومعلنة لاستراتيجية التعليم والتعلم تحقق رسالتها وأهدافها.','There is a documented and announced plan for the teaching and learning strategy that achieves its mission and goals.'),(37,3,'يتوفر في القسم رؤية واضحة بمستوى المعلومات والمعارف المطلوب توفيرها بما يتحقق مع رسالته ورؤيته المستقبلية.','The department has a clear vision of the level of information and knowledge required to be provided in line with its mission and future vision.'),(38,3,'توجد آلية لمراجعة استراتيجية التعليم والتعلم في ضوء نتائج الامتحانات ونتائج استطلاع أراء الطلبة وأعضاء هيئة التدريس.','There is a mechanism for reviewing the teaching and learning strategy in light of exam results and feedback from students and faculty members.'),(39,3,'يتم تحديث وتنويع الأجهزة والأدوات بما يتماشى مع متطلبات كل مجال معرفي.','Equipment and tools are updated and diversified to meet the requirements of each knowledge field.'),(40,3,'يتأكد القسم من أن الأساليب التعليمية المستخدمة ترتبط بأهداف البرنامج الأكاديمي، وبالمحتوى التعليمي والنتائج التعليمية المستهدفة.','The department ensures that the teaching methods used are linked to the academic program\'s objectives, educational content, and targeted learning outcomes.'),(41,3,'تستخدم أساليب التعليم المتنوعة كالمحاضرة، والمناقشة، والعصف الذهني، وكتابة المشاريع، وغيرها.','Various teaching methods are used, such as lectures, discussions, brainstorming, project writing, etc.'),(42,3,'تشمل المقررات الدراسية  مجالات معينة لتنمية التعلم الذاتي.','The courses include specific areas for the development of self-learning.'),(43,3,'توجد إجراءات معتمدة من مجلس القسم بخصوص الكتاب الجامعي المعتمد لكل مقرر دراسي.','There are procedures approved by the Department Council regarding the approved university textbook for each course.'),(44,3,'يوفر القسم برامج فعالة للتدريب الميداني للطلاب بناءً على احتياجاتهم الفعلية وما هو مستهدف.','The department provides effective field training programs for students based on their actual needs and targets.'),(45,3,'يستخدم القسم آليات محددة وواضحة لتنفيذ ومتابعة وتقويم برامج التدريب الميداني.','The department uses specific and clear mechanisms to implement, monitor, and evaluate field training programs.'),(46,3,'برامج التدريب الميداني للطلاب متنوعة وتشمل التخصصات المختلفة.','Field training programs for students are diverse and cover different specializations.'),(47,3,'تستخدم نماذج مناسبة لإجراء عملية تقويم الطلاب أثناء التدريب وبعده. ','Appropriate models are used to conduct the student evaluation process during and after training.'),(48,3,'يتم التأكد من فاعلية التدريب الميداني في تحقيق نتائج التدريب المستهدفة (استطلاع أراء الطلاب/ تحليل نتائج التقويم).','The effectiveness of field training in achieving the targeted training outcomes is verified (student opinion surveys / analysis of evaluation results).'),(49,3,'يجري القسم أبحاثاً تقويمية عن الأساليب المستخدمة في تعليم الطلبة.','The department conducts evaluative research on the methods used in teaching students.'),(50,4,'للقسم رؤية واضحة لحاجاته من أعضاء هيئة التدريس.','The department has a clear vision of its faculty member needs.'),(51,4,'يوفر  القسم العدد الكافي من أعضاء هيئة التدريس المؤهلين لتنفيذ البرامج الأكاديمية والخدمات التربوية.','The department provides a sufficient number of qualified faculty members to implement academic programs and educational services.'),(52,4,'يعتمد  القسم معايير واضحة وشفافة لاختيار أعضاء هيئة التدريس.','The department adopts clear and transparent criteria for selecting faculty members.'),(53,4,'توفر برامج التطوير المهني والتعليم المستمر لأعضاء هيئة التدريس فيه.','Professional development and continuing education programs are available for its faculty members.'),(54,4,'ينظم القسم إحصاءات وبيانات لأعضاء هيئة التدريس والهيئة المساعدة موزعة حسب المؤهلات الأكاديمية، والدرجات العلمية، والخبرة، الخ.','The department organizes statistics and data for faculty members and assistant staff, distributed by academic qualifications, academic ranks, experience, etc.'),(55,4,'يطبق القسم تعليمات ساعات التدريس المحددة لأعضاء هيئة التدريس وفق درجاتهم العلمية.','The department applies the specified teaching hour instructions for faculty members according to their academic ranks.'),(56,4,'يحدد القسم لكل عضو هيئة تدريس مجموعة من الطلبة لإرشادهم أكاديمياً خلال سنوات الدراسة.','The department assigns each faculty member a group of students for academic advising throughout their years of study.'),(57,4,'يتيح القسم الفرصة لمشاركة أعضاء هيئة التدريس في اللجان العلمية الدائمة والموقتة داخل القسم وخارجه.','The department provides opportunities for faculty members to participate in permanent and temporary scientific committees inside and outside the department.'),(58,5,'يوفر القسم مكتبة، وقاعة إنترنت، وقواعد بيانات إلكترونية، وغيرها.','The department provides a library, an internet hall, electronic databases, etc.'),(59,5,'يوفر القسم إرشادات لاستخدام الأجهزة المتوفرة في المعامل والورش والمختبرات.','The department provides instructions for using the equipment available in laboratories and workshops.'),(60,5,'يوفر القسم التقنيات والأجهزة التعليمية المطلوبة في عملية التدريس ( أجهزة عرض البيانات، وعرض الشفافيات، وعرض الشرائح، والفيديو، وغيرها).','The department provides the necessary educational technologies and devices for the teaching process (data projectors, overhead projectors, slide projectors, video, etc.).'),(61,5,'يتم تخزين المعلومات الخاصة بالطلبة ودرجاتهم في الحاسوب.','Student information and grades are stored on the computer.'),(62,5,'يتوفر في القسم مكتبة أفلام وشفافيات تعليمية.','The department has a library of educational films and transparencies.'),(63,5,'توفر المكتبة الوقت اللازم لتقديم المساعدة للمستفيدين منها.','The library provides sufficient time to offer assistance to its users.'),(64,5,'مدى ملاءمة مقتنيات المكتبة والمقررات الدراسية للبرنامج الأكاديمي.','The suitability of the library\'s holdings and courses for the academic program.'),(65,5,'يتوفر في المكتبة نظام تصنيف وفق مكتبة الكونغرس أو نظام ديوي العشري.','The library has a classification system according to the Library of Congress or Dewey Decimal System.'),(66,5,'تحصل المكتبة على المقتنيات من المراجع والدوريات في مجال التخصص.','The library acquires holdings of references and periodicals in the field of specialization.'),(67,5,'يستخدم الحاسوب في المكتبة لأغراض البحث وإعارة الكتب.','The computer is used in the library for research and book lending purposes.'),(68,6,'يعتمد القسم معايير عالية الجودة في انتقاء الطلاب.','The department adopts high-quality criteria in selecting students.'),(69,6,'يحرص القسم على قبول أعداد الطلاب وفقاً لخططه المقررة.','The department is keen to accept student numbers in accordance with its established plans.'),(70,6,'يعتمد القسم اختبارات للطلاب للتأكد من استعداداتهم العلمية والذهنية.','The department uses tests for students to verify their scientific and mental readiness.'),(71,6,'يطبق القسم تعليمات الجزاءات السلوكية على الطلاب.','The department applies behavioral penalty instructions to students.'),(72,6,'يُحتفظ بملف خاص لكل طالب يحتوي على معلومات عن سلوكه ونشاطه ومستواه الأكاديمي والاجتماعي.','A special file is kept for each student containing information about their behavior, activities, and academic and social level.'),(73,6,'يوزع القسم أدلة إرشادية على الطلاب الجدد من أجل تعريفهم بالقسم ومرافقه.','The department distributes guidance manuals to new students to introduce them to the department and its facilities.'),(74,6,'يشارك القسم طلبته في صناعة القرار وحل المشكلات المتعلقة بالقضايا الطلابية والجوانب الأكاديمية.','The department involves its students in decision-making and problem-solving related to student issues and academic aspects.'),(75,6,'يُعرّف القسم أسواق العمل بكفاءات خريجيه ويسعى لتوفير فرص عمل لهم.','The department informs labor markets of its graduates\' competencies and seeks to provide job opportunities for them.'),(76,6,'يوفر القسم الإحصاءات عن أعداد الطلاب وتوزيعهم حسب النوع، والمراحل الدراسية، والبرامج الدراسية، والحالة الاجتماعية والاقتصادية، الخ.','The department provides statistics on student numbers and their distribution by gender, academic stages, study programs, socio-economic status, etc.'),(77,6,'يعتمد القسم برامج اجتماعية وترفيهية هادفة لطلابه.','The department adopts purposeful social and recreational programs for its students.'),(78,6,'يستطلع القسم آراء الطلاب في جودة التعليم والتعلم.','The department surveys student opinions on the quality of teaching and learning.'),(79,6,'يستطلع القسم آراء الطلاب في تقويم العملية التدريسية.','The department surveys student opinions on the evaluation of the teaching process.'),(80,6,'يسعى القسم إلى جذب واختيار الطلاب المتميزين وتشجيعهم على الالتحاق في برامجه الأكاديمية.','The department seeks to attract and select outstanding students and encourages them to enroll in its academic programs.'),(81,6,'يُقوّم القسم مستوى التحصيل الأكاديمي لطلبته ويعرضها على مجلسه.','The department evaluates the academic achievement level of its students and presents it to its council.'),(82,6,'يستطلع القسم آراء جهات التوظيف في نوعية ومستوى الخريجين في جميع التخصصات لتحديد جوانب النقص في المهارات من أجل العمل على معالجتها وتصحيحها.','The department surveys the opinions of employers on the quality and level of graduates in all specializations to identify skill gaps in order to address and correct them.'),(83,6,'يدقق القسم في الخلفية الأكاديمية للطلاب عند التسجيل في  البرنامج الأكاديمي.','The department checks the academic background of students upon registration in the academic program.'),(84,6,'يجري القسم دراسات يستطلع فيها آراء الطلاب بشكل دوري حول الخدمات التكميلية (الأنشطة الرياضية، والسكن الداخلي، والمطاعم، ومواقف السيارات، وغيرها ).','The department conducts periodic surveys of student opinions on supplementary services (sports activities, dormitories, restaurants, parking, etc.).'),(85,6,'يهتم القسم بالأنشطة اللامنهجية لتعميق العلاقة بين أعضاء هيئة التدريس والطلاب.','The department pays attention to extracurricular activities to deepen the relationship between faculty members and students.'),(86,6,'تتواءم  أساليب تقويم الطلاب مع محتوى المقررات الدراسية المعلنة لهم.','Student assessment methods are consistent with the content of the courses announced to them.'),(87,6,'تقيس الامتحانات المستويات المعرفية المختلفة لدى الطلاب.','Exams measure different cognitive levels among students.'),(88,6,'أساليب تقويم الطلاب متنوعة ولا تقتصر على الاختبارات التحريرية.','Student assessment methods are diverse and not limited to written tests.'),(89,6,'أساليب التقويم المتبعة مع الطلاب قادرة على قياس النتائج التعليمية المستهدفة.','The assessment methods used with students are capable of measuring the targeted learning outcomes.'),(90,6,'أساليب التقويم المتبعة تتوافق مع محتوى المقررات الدراسية المعلنة للطلاب. ','The assessment methods used are consistent with the content of the courses announced to students.'),(91,6,'يتم الاستفادة من تحليل نتائج تقويم الطلاب وملاحظات المراجعين الخارجيين على مستوى البرامج الأكاديمية والمقررات الدراسية في اتخاذ الإجراءات التصحيحية وفى تطوير البرامج والمقررات الدراسية.','The analysis of student assessment results and the feedback from external reviewers at the academic program and course levels are utilized to take corrective measures.'),(92,6,'تعلن جداول الامتحانات في مواعيد مناسبة للطلاب.','Exam schedules are announced at appropriate times for students.'),(93,6,'تتناسب جداول الامتحانات مع احتياجات الطلاب ورغباتهم. ','Exam schedules are suitable for students\' needs and preferences.'),(94,6,'تعلن نتائج الامتحانات في المواعيد المناسبة دون تأخير.','Exam results are announced at the appropriate times without delay.'),(95,6,'توجد تغذية راجعة للطلاب حول نتائج التقويم.','There is feedback for students about the assessment results.'),(96,6,'يتم مراجعة التغذية الراجعة واتخاذ إجراءات تصحيحية في ضوء نتائج الطلاب.','Feedback is reviewed and corrective actions are taken in light of student results.'),(97,6,'توجد آلية معلنة ومطبقة للتعامل مع شكاوى الطلاب من نتائج الامتحانات وتظلماتهم. ','There is an announced and applied mechanism for handling student complaints and grievances about exam results.'),(98,6,'يعتمد القسم أساليب مختلفة للتقويم. ','The department adopts different assessment methods.'),(99,6,'يستخدم القسم نظام الممتحنيين الخارجيين لتقويم الطلبة.','The department uses an external examiner system to evaluate students.'),(100,6,'تتوافق امتحانات الطلبة مع محتوى المقررات الدراسية.','Student exams are consistent with the course content.'),(101,7,'أبنية القسم مصممة لذات الغرض المستخدمة لها.','The department\'s buildings are designed for the purpose for which they are used.'),(102,7,'حجم مباني القسم تتناسب والقدرة الاستيعابية للطلبة.','The size of the department\'s buildings is proportional to the student capacity.'),(103,7,' يتوفر في القسم القاعات المناسبة للدراسة من حيث المساحة والتهوية والإضاءة وغيرها.','The department has suitable study halls in terms of space, ventilation, lighting, etc.'),(104,7,'يوفر القسم المكاتب والأماكن اللائقة لأعضاء هيئة التدريس. ','The department provides appropriate offices and spaces for faculty members.'),(105,7,'يوفر القسم مكتبة، وقاعة إنترنت، وقواعد معلومات، وغيرها.','The department provides a library, an internet hall, databases, etc.'),(106,7,'يوفر القسم شروط الأمن والسلامة في مرافقه كافة.','The department provides security and safety conditions in all its facilities.'),(107,7,'يوفر القسم إرشادات لاستخدام الأجهزة المتوفرة في المعامل والورش والمختبرات.','The department provides instructions for using the equipment available in labs and workshops.'),(108,7,'يوفر القسم الفرصة لأعضاء هيئة التدريس في التدريب على أنواع التقنيات التعليمية المتوافرة في القسم.','The department provides opportunities for faculty members to be trained on the types of educational technologies available in the department.'),(109,7,'يستخدم القسم التقنيات الحديثة في الأعمال الإدارية والمكتبية.','The department uses modern technologies in administrative and office work.'),(110,7,'يتم تخزين واسترجاع المعلومات الخاصة بالطلبة ودرجاتهم باستخدام قواعد بيانات وأنظمة معلومات مناسبة وحديثة.','Student information and grades are stored and retrieved using appropriate and modern databases and information systems.'),(111,7,'يتوفر في القسم قاعة ندوات وقاعات أخرى حسب طبيعة البرنامج الأكاديمي وحاجاته.','The department has a seminar hall and other halls according to the nature of the academic program and its needs.'),(112,7,'يتوفر في القسم قاعة اجتماعات.','The department has a meeting room.'),(113,7,'يتوفر في القسم استراحة لأعضاء هيئة التدريس.','The department has a lounge for faculty members.'),(114,8,'تمتلك قيادة  البرنامج الأكاديمي خصائص قيادية تتناسب ومتطلبات الجودة الشاملة للبرنامج الأكاديمي.','The academic program\'s leadership possesses leadership characteristics appropriate to the requirements of the program\'s total quality.'),(115,8,'تهتم قيادة  البرنامج الأكاديمي بتوفير الأجواء العلمية الملائمة والعلاقات الإنسانية داخل القسم لإنجاح العملية التعليمية.','The academic program\'s leadership is concerned with providing a suitable scientific atmosphere and human relations within the department to ensure the success of the educational process.'),(116,8,'تستخدم قيادة  البرنامج الأكاديمي الموارد البشرية والمادية والتقنية استخداماً أمثل.','The academic program\'s leadership makes optimal use of human, material, and technical resources.'),(117,8,'تعمل قيادة  البرنامج الأكاديمي على تلبية احتياجاتها من الاختصاصات العلمية الجديدة.','The academic program\'s leadership works to meet its needs for new scientific specializations.'),(118,8,'تدعم قيادة  البرنامج الأكاديمي آليات النهوض بالبحث العلمي.','The academic program\'s leadership supports mechanisms for advancing scientific research.'),(119,8,'تأخذ قيادة  البرنامج الأكاديمي آراء ومقترحات ممثلي الأطراف المجتمعية في تطوير أداء  البرنامج الأكاديمي.','The academic program\'s leadership takes into account the opinions and suggestions of community stakeholders in developing the program\'s performance.'),(120,8,'تحرص قيادة  البرنامج الأكاديمي على وجود علاقة عمل فاعلة بين الإدارة العليا وأعضاء هيئة التدريس.','The academic program\'s leadership is keen to have an effective working relationship between senior management and faculty members.'),(121,8,'تمارس قيادة  البرنامج الأكاديمي كافة الصلاحيات الممنوحة لها.','The academic program\'s leadership exercises all the powers granted to it.'),(122,8,'تهتم قيادة  البرنامج الأكاديمي بتعزيز التفاعل مع مؤسسات المجتمع المحلي.','The academic program\'s leadership is interested in enhancing interaction with local community institutions.'),(123,8,'تهتم قيادة  البرنامج الأكاديمي بآراء ممثلي الطلبة في المجالس المتخصصة.','The academic program\'s leadership is interested in the opinions of student representatives in specialized councils.'),(124,8,'تحرص قيادة  البرنامج الأكاديمي على حل المشكلات التي تواجه العمل.','The academic program\'s leadership is keen to solve problems facing the work.'),(125,8,'تحرص قيادة  البرنامج الأكاديمي على الأخذ بآراء ومقترحات العاملين في القسم وبحث شكواهم.','The academic program\'s leadership is keen to take the opinions and suggestions of the department\'s employees and to investigate their complaints.'),(126,8,'تعمل قيادة  البرنامج الأكاديمي على متابعة أدائها ميدانياً.','The academic program\'s leadership works to follow up on its performance in the field.'),(127,8,'تشجع قيادة  البرنامج الأكاديمي المبادرات من أجل تحسين الأداء في العمل.','The academic program\'s leadership encourages initiatives to improve work performance.'),(128,8,'يوجد لدى قيادة  البرنامج الأكاديمي نظام معلومات يلبي حاجات التخطيط والمتابعة واتخاذ القرارات.','The academic program\'s leadership has an information system that meets the needs of planning, follow-up, and decision-making.'),(129,8,'يمتلك القسم خطط عمل مستقبلية توضح فيها كيفية تحقيق أهدافه.','The department has future action plans that clarify how to achieve its objectives.'),(130,8,'تتصف خطط القسم بالمرونة لاستيعاب المستجدات التربوية.','The department\'s plans are flexible to accommodate educational developments.'),(131,8,'يتم مراجعة خطط القسم دورياً وتعديلها.','The department\'s plans are reviewed and modified periodically.'),(132,8,'يحرص القسم على إشراك أعضاء هيئة التدريس والمختصين والجهات المستفيدة من الخريجين في إعداد الخطط السنوية واتخاذ القرارات.','The department is keen to involve faculty members, specialists, and beneficiaries of graduates in preparing annual plans and making decisions.'),(133,8,'يقدم القسم خطة شاملة لجميع الفروع والشعب ضمن برنامجه الأكاديمي.','The department provides a comprehensive plan for all branches and divisions within its academic program.'),(134,8,'خطط  البرنامج الأكاديمي قابلة للتحويل إلى مشاريع تطبيقية.','The academic program\'s plans are convertible into applied projects.'),(135,8,'يوفر القسم نظاماً للتدقيق الداخلي لنتائج الخطط من أجل التحسين المستمر.','The department provides an internal audit system for plan results for continuous improvement.'),(136,8,'يهيىء القسم الإحصائيات المطلوبة عن أعداد الموظفين، وهيئة التدريس، ومؤهلاتهم، وخبراتهم، وسيرهم الذاتية، وغيرها.','The department prepares the required statistics on the numbers of employees, faculty, their qualifications, experience, resumes, etc.'),(137,9,'يعتمد القسم آليات واضحة ومعلنة لمتابعة تنفيذ خطته البحثية.','The department adopts clear and announced mechanisms to follow up on the implementation of its research plan.'),(138,9,'تتواءم خطة القسم البحثية وإمكاناته البشرية والمادية المتاحة.','The department\'s research plan is compatible with its available human and material capabilities.'),(139,9,'يوثق القسم خطته البحثية ويعتمدها في مجلس القسم.','The department documents its research plan and approves it in the department council.'),(140,9,'يوفر القسم بيئة مناسبة للبحث العلمي تشجع أعضاء هيئة التدريس على تنفيذ البحوث العلمية المتصلة بحاجات المجتمع وسوق العمل.','The department provides a suitable environment for scientific research that encourages faculty members to conduct scientific research related to the needs of the community and the labor market.'),(141,9,'يشجع القسم على إجراء البحوث العلمية المشتركة.','The department encourages joint scientific research.'),(142,9,'يتعاون القسم مع المؤسسات العلمية والبحثية في إجراء البحوث المشتركة.','The department cooperates with scientific and research institutions in conducting joint research.'),(143,9,'يستخدم القسم أنشطته في البحث العلمي في معالجة مشكلات المجتمع وتنميته.','The department uses its scientific research activities to address and develop community problems.'),(144,9,'يمنح القسم الأولويات للأبحاث العلمية الميدانية ذات المردود المادي والاقتصادي للمجتمع المحلي ومؤسساته.','The department gives priority to field research with a material and economic return for the local community and its institutions.'),(145,9,'يشجع القسم البحوث المبتكرة التي تفتح الأفاق العلمية أو التطبيقية الجديدة.','The department encourages innovative research that opens new scientific or applied horizons.'),(146,9,'يعتمد القسم وسائل لتحفيز الباحثين ورعايتهم ودعمهم.','The department adopts means to motivate, nurture, and support researchers.'),(147,9,'يشجع القسم أعضاء هيئة التدريس للحصول على المنح البحثية داخل البلد وخارجه.','The department encourages faculty members to obtain research grants inside and outside the country.'),(148,9,'يشجع القسم أعضاء هيئة التدريس للمشاركة في المؤتمرات والندوات والحلقات الدراسية.','The department encourages faculty members to participate in conferences, seminars, and workshops.'),(149,9,'يساهم القسم من خلال فرق العمل البحثية في خدمة قطاعات الانتاج المختلفة بالمجتمع المحلي.','The department, through its research teams, contributes to serving various production sectors in the local community.'),(150,9,'يستفيد القسم من نتائج البحث العلمي في تطوير المقررات الدراسية.','The department benefits from the results of scientific research in developing its courses.'),(151,9,'تتوفر في القسم برامج لتنمية المهارات البحثية ( برامج تنمية مهارات منهجية البحث العلمي) لمساعدي البحث.','The department has programs to develop research skills (scientific research methodology skills development programs) for research assistants.'),(152,9,'يشجع القسم مساعدي البحث والطلبة على المشاركة في المشاريع البحثية.','The department encourages research assistants and students to participate in research projects.'),(153,9,'يخصص القسم ميزانية مالية خاصة لدعم البحث العلمي ونشره.','The department allocates a special financial budget to support and publish scientific research.'),(154,9,'يوفر القسم الأجهزة والأدوات اللازمة للعمليات البحثية ويضع القواعد التي تضمن كفاءة استخدامها.','The department provides the necessary equipment and tools for research operations and establishes rules that ensure their efficient use.'),(155,9,'يشارك الطلبة في المؤتمرات والندوات العلمية.','Students participate in scientific conferences and seminars.'),(156,9,'يشارك الطلبة في المشاريع البحثية.','Students participate in research projects.'),(157,9,'يسعى القسم إلى ترسيخ علاقة جيدة لطلابه مع مؤسسات المجتمع قبل خروجهم إلى سوق العمل.','The department seeks to establish a good relationship for its students with community institutions before they enter the labor market.'),(158,9,'يسعى القسم في إقامة الندوات العلمية والثقافية والتنموية والتدريبية.','The department seeks to hold scientific, cultural, developmental, and training seminars.'),(159,9,'يقدم القسم الاستشارات لمؤسسات المجتمع العام والخاص.','The department provides consultations to public and private community institutions.'),(160,9,'يحفز القسم أعضاء هيئة التدريس للمساهمة في خدمة المجتمع.','The department motivates faculty members to contribute to community service.'),(161,9,'يحرص القسم على مشاركة أعضاء هيئة التدريس في المؤتمرات والندوات والحلقات النقاشية.','The department is keen on the participation of faculty members in conferences, seminars, and panel discussions.'),(162,9,'يجري القسم استطلاع آراء المؤسسات التي يعمل بها خريجو القسم للتعرف على كفاءة الخريجين بصورة دورية.','The department periodically surveys the opinions of institutions where its graduates work to identify their efficiency.'),(163,9,'يسعى القسم إلى تقديم خدماته المتخصصة لقطاعات المجتمع المختلفة.','The department seeks to provide its specialized services to different sectors of society.'),(164,10,'تتوفر في الكلية وحدة لضمان الجودة.','The college has a quality assurance unit.'),(165,10,'يتوفر لدى القسم أدلة تخصصية لجودة البرامج الأكاديمية ويطبق بموجبها آليات العمل.','The department has specialized guides for the quality of academic programs and applies work mechanisms accordingly.'),(166,10,'يجري القسم تقويماً ذاتياً لبرامجه التخصصية وبشكل دوري.','The department conducts a self-assessment of its specialized programs periodically.'),(167,10,'توجد للقسم علاقة وطيدة مع مؤسسات الاعتماد البرامجية.','The department has a close relationship with programmatic accreditation bodies.'),(168,10,'يتوفر لدى القسم نظامٌ للتقويم الذاتي والخارجي.','The department has a system for self-assessment and external evaluation.'),(169,10,'تتوفر آليات مفعلة للاستمرار في تحسين العملية التدريسية وتطويرها.','There are activated mechanisms for the continuous improvement and development of the teaching process.'),(170,10,'تتوفر آليات مفعلة لتقويم أداء أعضاء هيئة التدريس.','There are activated mechanisms for evaluating the performance of faculty members.'),(171,10,'تتوفر آليات للتطوير الأكاديمي المستمر لأعضاء هيئة التدريس والكوادر المساندة.','There are mechanisms for the continuous academic development of faculty members and support staff.'),(172,10,'تتوفر آليات واضحة لقبول الطلاب في التخصص.','There are clear mechanisms for accepting students into the specialization.'),(173,10,'تطبق آليات وإجراءات إدارة الجودة وفاعليتها في تحسين الجودة.','Quality management mechanisms and procedures and their effectiveness in improving quality are applied.'),(174,10,'يوثق القسم كافة بياناته وإجراءاته ذات العلاقة في عملية التقويم والتطوير.','The department documents all its data and related procedures in the evaluation and development process.'),(175,10,'يستخدم القسم نتائج التقويم والتطوير والتحسين وفق تخطيط زمني محدد.','The department uses the results of evaluation, development, and improvement according to a specific timeline.'),(176,10,'خضع  البرنامج الأكاديمي لتقويم الأداء من قبل جهات خارجية.','The academic program has undergone a performance evaluation by external bodies.'),(177,10,'يهتم القسم بنتائج تقارير التقويم ويستفيد منها في وضع خطط التحسين والتطوير لكافة مجالات أداء الكلية.','The department pays attention to the results of evaluation reports and benefits from them in developing improvement and development plans for all areas of the college\'s performance.'),(178,10,'يوفر القسم الدعم المالي والمعنوي لإجراء الدراسات التقويمية.','The department provides financial and moral support to conduct evaluation studies.');
/*!40000 ALTER TABLE `indicators` ENABLE KEYS */;
UNLOCK TABLES;

--
-- Table structure for table `programs`
--

DROP TABLE IF EXISTS `programs`;
/*!40101 SET @saved_cs_client     = @@character_set_client */;
/*!50503 SET character_set_client = utf8mb4 */;
CREATE TABLE `programs` (
  `id` int NOT NULL AUTO_INCREMENT,
  `name` varchar(255) NOT NULL,
  `language` varchar(100) DEFAULT NULL,
  `dep` int DEFAULT NULL,
  `created_at` timestamp NULL DEFAULT CURRENT_TIMESTAMP,
  `evaluator_name` varchar(255) DEFAULT NULL,
  `evaluator_id` int DEFAULT NULL,
  PRIMARY KEY (`id`),
  UNIQUE KEY `name` (`name`),
  KEY `dep` (`dep`),
  KEY `evaluator_id` (`evaluator_id`),
  CONSTRAINT `programs_ibfk_1` FOREIGN KEY (`dep`) REFERENCES `departments` (`id`) ON DELETE SET NULL,
  CONSTRAINT `programs_ibfk_2` FOREIGN KEY (`evaluator_id`) REFERENCES `users` (`id`) ON DELETE SET NULL
) ENGINE=InnoDB AUTO_INCREMENT=123 DEFAULT CHARSET=utf8mb4 COLLATE=utf8mb4_0900_ai_ci;
/*!40101 SET character_set_client = @saved_cs_client */;

--
-- Dumping data for table `programs`
--

LOCK TABLES `programs` WRITE;
/*!40000 ALTER TABLE `programs` DISABLE KEYS */;
INSERT INTO `programs` VALUES (1,'Crop Production Management','english',28,'2024-01-15 06:00:00','Red',NULL),(2,'Sustainable Agriculture','arabic',28,'2024-01-15 07:00:00','Blue',NULL),(3,'Soil Science and Fertility','english',28,'2024-01-15 08:00:00','Green',NULL),(4,'Livestock Management','english',30,'2024-01-16 06:00:00','Yellow',NULL),(5,'Animal Nutrition','arabic',30,'2024-01-16 07:00:00','Purple',NULL),(6,'Cultural Anthropology','english',48,'2024-01-17 06:00:00','Orange',NULL),(7,'Archaeological Methods','arabic',48,'2024-01-17 07:00:00','Pink',NULL),(8,'Social Evolution Studies','english',48,'2024-01-17 08:00:00','Brown',NULL),(9,'Quantum Mechanics Applications','english',43,'2024-01-18 06:00:00','Silver',NULL),(10,'Laser Technology','arabic',43,'2024-01-18 07:00:00','Gold',NULL),(11,'Classical Arabic Literature','arabic',31,'2024-01-19 06:00:00','Crimson',NULL),(12,'Modern Arabic Poetry','arabic',31,'2024-01-19 07:00:00','Turquoise',NULL),(13,'Arabic Linguistics','english',31,'2024-01-19 08:00:00','Violet',NULL),(14,'Machine Learning Fundamentals','english',42,'2024-01-20 06:00:00','Cyan',NULL),(15,'Neural Network Design','english',42,'2024-01-20 07:00:00','Magenta',NULL),(16,'Cell Biology and Genetics','english',27,'2024-01-21 06:00:00','Lime',NULL),(17,'Ecology and Conservation','arabic',27,'2024-01-21 07:00:00','Navy',NULL),(18,'Molecular Biology','english',27,'2024-01-21 08:00:00','Maroon',NULL),(19,'Medical Diagnostics','english',20,'2024-01-22 06:00:00','Teal',NULL),(20,'Pharmacology Research','arabic',20,'2024-01-22 07:00:00','Coral',NULL),(21,'Process Design and Control','english',38,'2024-01-23 06:00:00','Indigo',NULL),(22,'Petrochemical Engineering','arabic',38,'2024-01-23 07:00:00','Olive',NULL),(23,'Organic Chemistry Advanced','english',26,'2024-01-24 06:00:00','Khaki',NULL),(24,'Analytical Chemistry','arabic',26,'2024-01-24 07:00:00','Plum',NULL),(25,'Physical Chemistry','english',26,'2024-01-24 08:00:00','Salmon',NULL),(26,'Structural Design','english',4,'2024-01-25 06:00:00','Tan',NULL),(27,'Transportation Engineering','arabic',4,'2024-01-25 07:00:00','Beige',NULL),(28,'Internal Medicine Practice','english',19,'2024-01-26 06:00:00','Ivory',NULL),(29,'Emergency Medicine','arabic',19,'2024-01-26 07:00:00','Mint',NULL),(30,'Diagnostic Imaging','english',19,'2024-01-26 08:00:00','Peach',NULL),(31,'Public Health Policy','english',50,'2024-01-27 06:00:00','Rose',NULL),(32,'Community Outreach Programs','arabic',50,'2024-01-27 07:00:00','Azure',NULL),(33,'World Religions Study','english',36,'2024-01-28 06:00:00','Scarlet',NULL),(34,'Religious Philosophy','arabic',36,'2024-01-28 07:00:00','Lavender',NULL),(35,'Digital Systems Design','english',13,'2024-01-29 06:00:00','Amber',NULL),(36,'Computer Architecture','arabic',13,'2024-01-29 07:00:00','Ruby',NULL),(37,'Embedded Systems','english',13,'2024-01-29 08:00:00','Jade',NULL),(38,'Fiction Writing Workshop','english',46,'2024-01-30 06:00:00','Emerald',NULL),(39,'Poetry and Verse','arabic',46,'2024-01-30 07:00:00','Sapphire',NULL),(40,'Middle Eastern Culture','arabic',24,'2024-01-31 06:00:00','Topaz',NULL),(41,'Globalization Studies','english',24,'2024-01-31 07:00:00','Onyx',NULL),(42,'Network Security','english',40,'2024-02-01 06:00:00','Pearl',NULL),(43,'Ethical Hacking','english',40,'2024-02-01 07:00:00','Diamond',NULL),(44,'Big Data Analytics','english',41,'2024-02-02 06:00:00','Steel',NULL),(45,'Statistical Modeling','arabic',41,'2024-02-02 07:00:00','Copper',NULL),(46,'Power Systems','english',6,'2024-02-03 06:00:00','Bronze',NULL),(47,'Control Systems','arabic',6,'2024-02-03 07:00:00','Platinum',NULL),(48,'Electronics Design','english',6,'2024-02-03 08:00:00','Titanium',NULL),(49,'Shakespeare Studies','english',32,'2024-02-04 06:00:00','Mahogany',NULL),(50,'Modern British Literature','english',32,'2024-02-04 07:00:00','Cherry',NULL),(51,'Climate Change Studies','english',44,'2024-02-05 06:00:00','Forest',NULL),(52,'Environmental Monitoring','arabic',44,'2024-02-05 07:00:00','Ocean',NULL),(53,'Investment Analysis','english',52,'2024-02-06 06:00:00','Sunset',NULL),(54,'Islamic Banking','arabic',52,'2024-02-06 07:00:00','Dawn',NULL),(55,'Painting and Drawing','english',1,'2024-02-07 06:00:00','Aqua',NULL),(56,'Sculpture Techniques','arabic',1,'2024-02-07 07:00:00','Fuchsia',NULL),(57,'Art History','english',1,'2024-02-07 08:00:00','Chartreuse',NULL),(58,'Family Medicine','english',10,'2024-02-08 06:00:00','Burgundy',NULL),(59,'Preventive Medicine','arabic',10,'2024-02-08 07:00:00','Wheat',NULL),(60,'Medieval History','english',16,'2024-02-09 06:00:00','Slate',NULL),(61,'Islamic History','arabic',16,'2024-02-09 07:00:00','Sepia',NULL),(62,'Archaeological Excavation','english',33,'2024-02-10 06:00:00','Mustard',NULL),(63,'Ancient Civilizations','arabic',33,'2024-02-10 07:00:00','Periwinkle',NULL),(64,'Garden Design','english',29,'2024-02-11 06:00:00','Lilac',NULL),(65,'Plant Breeding','arabic',29,'2024-02-11 07:00:00','Mauve',NULL),(66,'Operations Research','english',37,'2024-02-12 06:00:00','Celadon',NULL),(67,'Quality Control Systems','arabic',37,'2024-02-12 07:00:00','Vermillion',NULL),(68,'Human Rights Law','english',8,'2024-02-13 06:00:00','Cobalt',NULL),(69,'International Trade Law','arabic',8,'2024-02-13 07:00:00','Ultramarine',NULL),(70,'Quranic Studies','arabic',34,'2024-02-14 06:00:00','Crimson',NULL),(71,'Islamic Jurisprudence','arabic',34,'2024-02-14 07:00:00','Cerulean',NULL),(72,'Islamic Philosophy','english',34,'2024-02-14 08:00:00','Viridian',NULL),(73,'Comparative Literature','english',3,'2024-02-15 06:00:00','Ochre',NULL),(74,'Literary Criticism','arabic',3,'2024-02-15 07:00:00','Umber',NULL),(75,'Strategic Management','english',54,'2024-02-16 06:00:00','Sienna',NULL),(76,'Human Resource Management','arabic',54,'2024-02-16 07:00:00','Bisque',NULL),(77,'Digital Marketing','english',53,'2024-02-17 06:00:00','Taupe',NULL),(78,'Consumer Behavior','arabic',53,'2024-02-17 07:00:00','Vanilla',NULL),(79,'Advanced Calculus','english',45,'2024-02-18 06:00:00','Saffron',NULL),(80,'Number Theory','arabic',45,'2024-02-18 07:00:00','Cinnamon',NULL),(81,'Thermodynamics','english',5,'2024-02-19 06:00:00','Paprika',NULL),(82,'Fluid Mechanics','arabic',5,'2024-02-19 07:00:00','Cardamom',NULL),(83,'Machine Design','english',5,'2024-02-19 08:00:00','Ginger',NULL),(84,'Clinical Trials','english',21,'2024-02-20 06:00:00','Nutmeg',NULL),(85,'Biostatistics','arabic',21,'2024-02-20 07:00:00','Clove',NULL),(86,'Psychiatric Care','english',51,'2024-02-21 06:00:00','Rosemary',NULL),(87,'Community Mental Health','arabic',51,'2024-02-21 07:00:00','Thyme',NULL),(88,'French Language Studies','english',47,'2024-02-22 06:00:00','Sage',NULL),(89,'Spanish Literature','english',47,'2024-02-22 07:00:00','Basil',NULL),(90,'Music Theory','english',2,'2024-02-23 06:00:00','Mint',NULL),(91,'Traditional Arabic Music','arabic',2,'2024-02-23 07:00:00','Parsley',NULL),(92,'Network Administration','english',15,'2024-02-24 06:00:00','Dill',NULL),(93,'Wireless Networks','arabic',15,'2024-02-24 07:00:00','Oregano',NULL),(94,'Child Health Care','english',49,'2024-02-25 06:00:00','Chive',NULL),(95,'Pediatric Emergency Care','arabic',49,'2024-02-25 07:00:00','Fennel',NULL),(96,'Theater Performance','english',23,'2024-02-26 06:00:00','Lavender',NULL),(97,'Dance Studies','arabic',23,'2024-02-26 07:00:00','Chamomile',NULL),(98,'Ethics and Morality','english',17,'2024-02-27 06:00:00','Jasmine',NULL),(99,'Logic and Reasoning','arabic',17,'2024-02-27 07:00:00','Honeysuckle',NULL),(100,'Quantum Physics','english',25,'2024-02-28 06:00:00','Iris',NULL),(101,'Astrophysics','arabic',25,'2024-02-28 07:00:00','Daisy',NULL),(102,'Government Policy','english',9,'2024-03-01 06:00:00','Tulip',NULL),(103,'Public Service Management','arabic',9,'2024-03-01 07:00:00','Daffodil',NULL),(104,'Epidemiology','english',12,'2024-03-02 06:00:00','Lily',NULL),(105,'Health Promotion','arabic',12,'2024-03-02 07:00:00','Sunflower',NULL),(106,'Constitutional Law','english',7,'2024-03-03 06:00:00','Marigold',NULL),(107,'Administrative Law','arabic',7,'2024-03-03 07:00:00','Peony',NULL),(108,'Islamic Legal Theory','arabic',35,'2024-03-04 06:00:00','Hibiscus',NULL),(109,'Comparative Jurisprudence','english',35,'2024-03-04 07:00:00','Orchid',NULL),(110,'Social Research Methods','english',18,'2024-03-05 06:00:00','Carnation',NULL),(111,'Urban Sociology','arabic',18,'2024-03-05 07:00:00','Poppy',NULL),(112,'Software Development','english',14,'2024-03-06 06:00:00','Begonia',NULL),(113,'Database Systems','arabic',14,'2024-03-06 07:00:00','Azalea',NULL),(114,'Building Design','english',39,'2024-03-07 06:00:00','Camellia',NULL),(115,'Seismic Engineering','arabic',39,'2024-03-07 07:00:00','Gardenia',NULL),(116,'General Surgery','english',11,'2024-03-08 06:00:00','Magnolia',NULL),(117,'Minimally Invasive Surgery','arabic',11,'2024-03-08 07:00:00','Wisteria',NULL),(118,'Digital Art Creation','english',22,'2024-03-09 06:00:00','Jasmine',NULL),(119,'Photography Techniques','arabic',22,'2024-03-09 07:00:00','Violet',NULL),(120,'Leadership Studies','english',56,'2024-03-10 06:00:00','Primrose',NULL),(121,'Strategic Planning','arabic',56,'2024-03-10 07:00:00','Zinnia',NULL),(122,'Ameer Program','Arabic',56,'2025-05-30 23:22:36',NULL,NULL);
/*!40000 ALTER TABLE `programs` ENABLE KEYS */;
UNLOCK TABLES;

--
-- Table structure for table `qlt_responses`
--

DROP TABLE IF EXISTS `qlt_responses`;
/*!40101 SET @saved_cs_client     = @@character_set_client */;
/*!50503 SET character_set_client = utf8mb4 */;
CREATE TABLE `qlt_responses` (
  `id` int NOT NULL AUTO_INCREMENT,
  `indicator_id` int NOT NULL,
  `domain_id` int NOT NULL,
  `program_id` int NOT NULL,
  `university_id` int DEFAULT NULL,
  `college_id` int DEFAULT NULL,
  `department_id` int DEFAULT NULL,
  `response` text,
  `comment` text,
  `reviewer_comment` text,
  `created_at` timestamp NULL DEFAULT CURRENT_TIMESTAMP,
  `user_id` int DEFAULT NULL,
  `updated_at` timestamp NULL DEFAULT NULL,
  PRIMARY KEY (`id`),
  KEY `indicator_id` (`indicator_id`),
  KEY `domain_id` (`domain_id`),
  KEY `program_id` (`program_id`),
  KEY `fk_qlt_responses_user` (`user_id`),
  CONSTRAINT `fk_qlt_responses_user` FOREIGN KEY (`user_id`) REFERENCES `users` (`id`) ON DELETE SET NULL,
  CONSTRAINT `qlt_responses_ibfk_1` FOREIGN KEY (`indicator_id`) REFERENCES `indicators` (`id`),
  CONSTRAINT `qlt_responses_ibfk_2` FOREIGN KEY (`domain_id`) REFERENCES `domains` (`id`),
  CONSTRAINT `qlt_responses_ibfk_3` FOREIGN KEY (`program_id`) REFERENCES `programs` (`id`)
) ENGINE=InnoDB AUTO_INCREMENT=184 DEFAULT CHARSET=utf8mb4 COLLATE=utf8mb4_0900_ai_ci;
/*!40101 SET character_set_client = @saved_cs_client */;

--
-- Dumping data for table `qlt_responses`
--

LOCK TABLES `qlt_responses` WRITE;
/*!40000 ALTER TABLE `qlt_responses` DISABLE KEYS */;
INSERT INTO `qlt_responses` VALUES (6,1,1,122,NULL,20,56,'0',NULL,NULL,'2025-06-19 23:51:32',19,'2025-06-26 16:56:26'),(7,2,1,122,NULL,20,56,'2',NULL,NULL,'2025-06-20 00:15:06',19,'2025-06-26 16:56:32'),(8,3,1,122,NULL,20,56,'2',NULL,NULL,'2025-06-20 00:16:45',19,NULL),(9,4,1,122,NULL,20,56,'2',NULL,NULL,'2025-06-20 00:16:45',19,NULL),(10,5,1,122,NULL,20,56,'2',NULL,NULL,'2025-06-20 00:16:45',19,NULL),(11,6,1,122,NULL,20,56,'2',NULL,NULL,'2025-06-20 00:16:45',19,NULL),(12,8,1,122,NULL,20,56,'2',NULL,NULL,'2025-06-20 00:16:45',19,NULL),(13,7,1,122,NULL,20,56,'2',NULL,NULL,'2025-06-20 00:16:45',19,NULL),(14,9,1,122,NULL,20,56,'2',NULL,NULL,'2025-06-20 00:16:45',19,NULL),(15,10,1,122,NULL,20,56,'2',NULL,NULL,'2025-06-20 00:16:45',19,NULL),(16,11,1,122,NULL,20,56,'2',NULL,NULL,'2025-06-20 00:16:45',19,NULL),(17,12,1,122,NULL,20,56,'2',NULL,NULL,'2025-06-20 00:16:45',19,NULL),(18,13,1,122,NULL,20,56,'2',NULL,NULL,'2025-06-20 00:16:45',19,NULL),(19,14,2,122,NULL,20,56,'2',NULL,NULL,'2025-06-26 14:30:23',19,NULL),(20,15,2,122,NULL,20,56,'2',NULL,NULL,'2025-06-26 14:30:23',19,NULL),(21,16,2,122,NULL,20,56,'2',NULL,NULL,'2025-06-26 14:30:23',19,NULL),(22,17,2,122,NULL,20,56,'2',NULL,NULL,'2025-06-26 14:30:23',19,NULL),(23,18,2,122,NULL,20,56,'2',NULL,NULL,'2025-06-26 14:30:23',19,NULL),(24,19,2,122,NULL,20,56,'2',NULL,NULL,'2025-06-26 14:30:23',19,NULL),(25,20,2,122,NULL,20,56,'2',NULL,NULL,'2025-06-26 14:30:23',19,NULL),(26,21,2,122,NULL,20,56,'2',NULL,NULL,'2025-06-26 14:30:23',19,NULL),(27,22,2,122,NULL,20,56,'2',NULL,NULL,'2025-06-26 14:30:23',19,NULL),(28,23,2,122,NULL,20,56,'2',NULL,NULL,'2025-06-26 14:30:23',19,NULL),(29,24,2,122,NULL,20,56,'2',NULL,NULL,'2025-06-26 14:30:23',19,NULL),(30,25,2,122,NULL,20,56,'2',NULL,NULL,'2025-06-26 14:30:23',19,NULL),(31,26,2,122,NULL,20,56,'2',NULL,NULL,'2025-06-26 14:30:23',19,NULL),(32,27,2,122,NULL,20,56,'2',NULL,NULL,'2025-06-26 14:30:23',19,NULL),(33,28,2,122,NULL,20,56,'2',NULL,NULL,'2025-06-26 14:30:23',19,NULL),(34,29,2,122,NULL,20,56,'2',NULL,NULL,'2025-06-26 14:30:23',19,NULL),(35,30,2,122,NULL,20,56,'2',NULL,NULL,'2025-06-26 14:30:23',19,NULL),(36,31,2,122,NULL,20,56,'2',NULL,NULL,'2025-06-26 14:30:23',19,NULL),(37,32,2,122,NULL,20,56,'2',NULL,NULL,'2025-06-26 14:30:23',19,NULL),(38,33,2,122,NULL,20,56,'2',NULL,NULL,'2025-06-26 14:30:23',19,NULL),(39,34,2,122,NULL,20,56,'2',NULL,NULL,'2025-06-26 14:30:23',19,NULL),(40,35,2,122,NULL,20,56,'2',NULL,NULL,'2025-06-26 14:30:23',19,NULL),(41,36,3,122,NULL,20,56,'2',NULL,NULL,'2025-06-26 14:30:56',19,NULL),(42,37,3,122,NULL,20,56,'2',NULL,NULL,'2025-06-26 14:30:56',19,NULL),(43,38,3,122,NULL,20,56,'2',NULL,NULL,'2025-06-26 14:30:57',19,NULL),(44,39,3,122,NULL,20,56,'2',NULL,NULL,'2025-06-26 14:30:57',19,NULL),(45,40,3,122,NULL,20,56,'2',NULL,NULL,'2025-06-26 14:30:57',19,NULL),(46,41,3,122,NULL,20,56,'2',NULL,NULL,'2025-06-26 14:30:57',19,NULL),(47,42,3,122,NULL,20,56,'2',NULL,NULL,'2025-06-26 14:30:57',19,NULL),(48,43,3,122,NULL,20,56,'2',NULL,NULL,'2025-06-26 14:30:57',19,NULL),(49,44,3,122,NULL,20,56,'2',NULL,NULL,'2025-06-26 14:30:57',19,NULL),(50,45,3,122,NULL,20,56,'2',NULL,NULL,'2025-06-26 14:30:57',19,NULL),(51,46,3,122,NULL,20,56,'2',NULL,NULL,'2025-06-26 14:30:57',19,NULL),(52,47,3,122,NULL,20,56,'2',NULL,NULL,'2025-06-26 14:30:57',19,NULL),(53,48,3,122,NULL,20,56,'2',NULL,NULL,'2025-06-26 14:30:57',19,NULL),(54,49,3,122,NULL,20,56,'2',NULL,NULL,'2025-06-26 14:30:57',19,NULL),(55,50,4,122,NULL,20,56,'2',NULL,NULL,'2025-06-26 14:31:24',19,NULL),(56,51,4,122,NULL,20,56,'2',NULL,NULL,'2025-06-26 14:31:24',19,NULL),(57,52,4,122,NULL,20,56,'0',NULL,NULL,'2025-06-26 14:31:24',19,NULL),(58,53,4,122,NULL,20,56,'1',NULL,NULL,'2025-06-26 14:31:24',19,NULL),(59,54,4,122,NULL,20,56,'0',NULL,NULL,'2025-06-26 14:31:24',19,NULL),(60,55,4,122,NULL,20,56,'0',NULL,NULL,'2025-06-26 14:31:24',19,NULL),(61,56,4,122,NULL,20,56,'1',NULL,NULL,'2025-06-26 14:31:24',19,NULL),(62,57,4,122,NULL,20,56,'0',NULL,NULL,'2025-06-26 14:31:24',19,NULL),(63,58,5,122,NULL,20,56,'1',NULL,NULL,'2025-06-26 14:31:42',19,NULL),(64,59,5,122,NULL,20,56,'0',NULL,NULL,'2025-06-26 14:31:42',19,NULL),(65,60,5,122,NULL,20,56,'1',NULL,NULL,'2025-06-26 14:31:42',19,NULL),(66,61,5,122,NULL,20,56,'0',NULL,NULL,'2025-06-26 14:31:42',19,NULL),(67,62,5,122,NULL,20,56,'1',NULL,NULL,'2025-06-26 14:31:42',19,NULL),(68,63,5,122,NULL,20,56,'2',NULL,NULL,'2025-06-26 14:31:42',19,NULL),(69,64,5,122,NULL,20,56,'0',NULL,NULL,'2025-06-26 14:31:42',19,NULL),(70,65,5,122,NULL,20,56,'1',NULL,NULL,'2025-06-26 14:31:42',19,NULL),(71,66,5,122,NULL,20,56,'0',NULL,NULL,'2025-06-26 14:31:42',19,NULL),(72,67,5,122,NULL,20,56,'1',NULL,NULL,'2025-06-26 14:31:42',19,NULL),(73,68,6,122,NULL,20,56,'2',NULL,NULL,'2025-06-26 14:32:26',19,NULL),(74,69,6,122,NULL,20,56,'0',NULL,NULL,'2025-06-26 14:32:26',19,NULL),(75,70,6,122,NULL,20,56,'2',NULL,NULL,'2025-06-26 14:32:26',19,NULL),(76,71,6,122,NULL,20,56,'1',NULL,NULL,'2025-06-26 14:32:26',19,NULL),(77,72,6,122,NULL,20,56,'0',NULL,NULL,'2025-06-26 14:32:26',19,NULL),(78,73,6,122,NULL,20,56,'1',NULL,NULL,'2025-06-26 14:32:26',19,NULL),(79,74,6,122,NULL,20,56,'2',NULL,NULL,'2025-06-26 14:32:26',19,NULL),(80,75,6,122,NULL,20,56,'0',NULL,NULL,'2025-06-26 14:32:26',19,NULL),(81,76,6,122,NULL,20,56,'1',NULL,NULL,'2025-06-26 14:32:26',19,NULL),(82,77,6,122,NULL,20,56,'1',NULL,NULL,'2025-06-26 14:32:26',19,NULL),(83,78,6,122,NULL,20,56,'0',NULL,NULL,'2025-06-26 14:32:26',19,NULL),(84,80,6,122,NULL,20,56,'2',NULL,NULL,'2025-06-26 14:32:26',19,NULL),(85,79,6,122,NULL,20,56,'2',NULL,NULL,'2025-06-26 14:32:26',19,NULL),(86,81,6,122,NULL,20,56,'0',NULL,NULL,'2025-06-26 14:32:26',19,NULL),(87,82,6,122,NULL,20,56,'2',NULL,NULL,'2025-06-26 14:32:26',19,NULL),(88,83,6,122,NULL,20,56,'0',NULL,NULL,'2025-06-26 14:32:26',19,NULL),(89,84,6,122,NULL,20,56,'2',NULL,NULL,'2025-06-26 14:32:26',19,NULL),(90,85,6,122,NULL,20,56,'0',NULL,NULL,'2025-06-26 14:32:26',19,NULL),(91,87,6,122,NULL,20,56,'2',NULL,NULL,'2025-06-26 14:32:26',19,NULL),(92,88,6,122,NULL,20,56,'0',NULL,NULL,'2025-06-26 14:32:26',19,NULL),(93,86,6,122,NULL,20,56,'2',NULL,NULL,'2025-06-26 14:32:26',19,NULL),(94,89,6,122,NULL,20,56,'1',NULL,NULL,'2025-06-26 14:32:26',19,NULL),(95,90,6,122,NULL,20,56,'0',NULL,NULL,'2025-06-26 14:32:26',19,NULL),(96,91,6,122,NULL,20,56,'2',NULL,NULL,'2025-06-26 14:32:26',19,NULL),(97,92,6,122,NULL,20,56,'0',NULL,NULL,'2025-06-26 14:32:26',19,NULL),(98,93,6,122,NULL,20,56,'1',NULL,NULL,'2025-06-26 14:32:26',19,NULL),(99,94,6,122,NULL,20,56,'1',NULL,NULL,'2025-06-26 14:32:26',19,NULL),(100,95,6,122,NULL,20,56,'0',NULL,NULL,'2025-06-26 14:32:26',19,NULL),(101,96,6,122,NULL,20,56,'1',NULL,NULL,'2025-06-26 14:32:26',19,NULL),(102,97,6,122,NULL,20,56,'0',NULL,NULL,'2025-06-26 14:32:26',19,NULL),(103,98,6,122,NULL,20,56,'1',NULL,NULL,'2025-06-26 14:32:26',19,NULL),(104,99,6,122,NULL,20,56,'2',NULL,NULL,'2025-06-26 14:32:26',19,NULL),(105,100,6,122,NULL,20,56,'1',NULL,NULL,'2025-06-26 14:32:26',19,NULL),(106,101,7,122,NULL,20,56,'2',NULL,NULL,'2025-06-26 14:34:15',19,NULL),(107,102,7,122,NULL,20,56,'0',NULL,NULL,'2025-06-26 14:34:15',19,NULL),(108,103,7,122,NULL,20,56,'2',NULL,NULL,'2025-06-26 14:34:15',19,NULL),(109,104,7,122,NULL,20,56,'0',NULL,NULL,'2025-06-26 14:34:15',19,NULL),(110,105,7,122,NULL,20,56,'2',NULL,NULL,'2025-06-26 14:34:15',19,NULL),(111,106,7,122,NULL,20,56,'0',NULL,NULL,'2025-06-26 14:34:15',19,NULL),(112,107,7,122,NULL,20,56,'2',NULL,NULL,'2025-06-26 14:34:15',19,NULL),(113,108,7,122,NULL,20,56,'0',NULL,NULL,'2025-06-26 14:34:15',19,NULL),(114,109,7,122,NULL,20,56,'1',NULL,NULL,'2025-06-26 14:34:15',19,NULL),(115,110,7,122,NULL,20,56,'0',NULL,NULL,'2025-06-26 14:34:15',19,NULL),(116,111,7,122,NULL,20,56,'1',NULL,NULL,'2025-06-26 14:34:15',19,NULL),(117,112,7,122,NULL,20,56,'0',NULL,NULL,'2025-06-26 14:34:15',19,NULL),(118,113,7,122,NULL,20,56,'1',NULL,NULL,'2025-06-26 14:34:15',19,NULL),(119,114,8,122,NULL,20,56,'2',NULL,NULL,'2025-06-26 14:34:48',19,NULL),(120,115,8,122,NULL,20,56,'0',NULL,NULL,'2025-06-26 14:34:48',19,NULL),(121,116,8,122,NULL,20,56,'2',NULL,NULL,'2025-06-26 14:34:48',19,NULL),(122,117,8,122,NULL,20,56,'0',NULL,NULL,'2025-06-26 14:34:48',19,NULL),(123,118,8,122,NULL,20,56,'1',NULL,NULL,'2025-06-26 14:34:48',19,NULL),(124,119,8,122,NULL,20,56,'1',NULL,NULL,'2025-06-26 14:34:48',19,NULL),(125,120,8,122,NULL,20,56,'1',NULL,NULL,'2025-06-26 14:34:48',19,NULL),(126,121,8,122,NULL,20,56,'1',NULL,NULL,'2025-06-26 14:34:48',19,NULL),(127,122,8,122,NULL,20,56,'2',NULL,NULL,'2025-06-26 14:34:48',19,NULL),(128,123,8,122,NULL,20,56,'0',NULL,NULL,'2025-06-26 14:34:48',19,NULL),(129,124,8,122,NULL,20,56,'2',NULL,NULL,'2025-06-26 14:34:48',19,NULL),(130,125,8,122,NULL,20,56,'0',NULL,NULL,'2025-06-26 14:34:49',19,NULL),(131,126,8,122,NULL,20,56,'1',NULL,NULL,'2025-06-26 14:34:49',19,NULL),(132,127,8,122,NULL,20,56,'1',NULL,NULL,'2025-06-26 14:34:49',19,NULL),(133,128,8,122,NULL,20,56,'2',NULL,NULL,'2025-06-26 14:34:49',19,NULL),(134,129,8,122,NULL,20,56,'0',NULL,NULL,'2025-06-26 14:34:49',19,NULL),(135,130,8,122,NULL,20,56,'2',NULL,NULL,'2025-06-26 14:34:49',19,NULL),(136,131,8,122,NULL,20,56,'0',NULL,NULL,'2025-06-26 14:34:49',19,NULL),(137,132,8,122,NULL,20,56,'1',NULL,NULL,'2025-06-26 14:34:49',19,NULL),(138,133,8,122,NULL,20,56,'1',NULL,NULL,'2025-06-26 14:34:49',19,NULL),(139,134,8,122,NULL,20,56,'2',NULL,NULL,'2025-06-26 14:34:49',19,NULL),(140,135,8,122,NULL,20,56,'2',NULL,NULL,'2025-06-26 14:34:49',19,NULL),(141,136,8,122,NULL,20,56,'0',NULL,NULL,'2025-06-26 14:34:49',19,NULL),(142,137,9,122,NULL,20,56,'2',NULL,NULL,'2025-06-26 14:36:53',19,NULL),(143,138,9,122,NULL,20,56,'0',NULL,NULL,'2025-06-26 14:36:53',19,NULL),(144,139,9,122,NULL,20,56,'2',NULL,NULL,'2025-06-26 14:36:53',19,NULL),(145,140,9,122,NULL,20,56,'0',NULL,NULL,'2025-06-26 14:36:53',19,NULL),(146,141,9,122,NULL,20,56,'2',NULL,NULL,'2025-06-26 14:36:53',19,NULL),(147,142,9,122,NULL,20,56,'0',NULL,NULL,'2025-06-26 14:36:53',19,NULL),(148,143,9,122,NULL,20,56,'2',NULL,NULL,'2025-06-26 14:36:54',19,NULL),(149,144,9,122,NULL,20,56,'0',NULL,NULL,'2025-06-26 14:36:54',19,NULL),(150,145,9,122,NULL,20,56,'2',NULL,NULL,'2025-06-26 14:36:54',19,NULL),(151,146,9,122,NULL,20,56,'0',NULL,NULL,'2025-06-26 14:36:54',19,NULL),(152,147,9,122,NULL,20,56,'2',NULL,NULL,'2025-06-26 14:36:54',19,NULL),(153,148,9,122,NULL,20,56,'0',NULL,NULL,'2025-06-26 14:36:54',19,NULL),(154,149,9,122,NULL,20,56,'2',NULL,NULL,'2025-06-26 14:36:54',19,NULL),(155,150,9,122,NULL,20,56,'0',NULL,NULL,'2025-06-26 14:36:54',19,NULL),(156,151,9,122,NULL,20,56,'1',NULL,NULL,'2025-06-26 14:36:54',19,NULL),(157,152,9,122,NULL,20,56,'1',NULL,NULL,'2025-06-26 14:36:54',19,NULL),(158,153,9,122,NULL,20,56,'1',NULL,NULL,'2025-06-26 14:36:54',19,NULL),(159,154,9,122,NULL,20,56,'0',NULL,NULL,'2025-06-26 14:36:54',19,NULL),(160,155,9,122,NULL,20,56,'2',NULL,NULL,'2025-06-26 14:36:54',19,NULL),(161,156,9,122,NULL,20,56,'0',NULL,NULL,'2025-06-26 14:36:54',19,NULL),(162,157,9,122,NULL,20,56,'2',NULL,NULL,'2025-06-26 14:36:54',19,NULL),(163,158,9,122,NULL,20,56,'0',NULL,NULL,'2025-06-26 14:36:54',19,NULL),(164,159,9,122,NULL,20,56,'2',NULL,NULL,'2025-06-26 14:36:54',19,NULL),(165,160,9,122,NULL,20,56,'0',NULL,NULL,'2025-06-26 14:36:54',19,NULL),(166,161,9,122,NULL,20,56,'2',NULL,NULL,'2025-06-26 14:36:54',19,NULL),(167,162,9,122,NULL,20,56,'0',NULL,NULL,'2025-06-26 14:36:54',19,NULL),(168,163,9,122,NULL,20,56,'2',NULL,NULL,'2025-06-26 14:36:54',19,NULL),(169,164,10,122,NULL,20,56,'2',NULL,NULL,'2025-06-26 14:37:14',19,NULL),(170,165,10,122,NULL,20,56,'0',NULL,NULL,'2025-06-26 14:37:14',19,NULL),(171,166,10,122,NULL,20,56,'2',NULL,NULL,'2025-06-26 14:37:14',19,NULL),(172,167,10,122,NULL,20,56,'0',NULL,NULL,'2025-06-26 14:37:14',19,NULL),(173,168,10,122,NULL,20,56,'2',NULL,NULL,'2025-06-26 14:37:14',19,NULL),(174,169,10,122,NULL,20,56,'0',NULL,NULL,'2025-06-26 14:37:14',19,NULL),(175,170,10,122,NULL,20,56,'2',NULL,NULL,'2025-06-26 14:37:14',19,NULL),(176,171,10,122,NULL,20,56,'0',NULL,NULL,'2025-06-26 14:37:14',19,NULL),(177,172,10,122,NULL,20,56,'2',NULL,NULL,'2025-06-26 14:37:14',19,NULL),(178,173,10,122,NULL,20,56,'0',NULL,NULL,'2025-06-26 14:37:14',19,NULL),(179,174,10,122,NULL,20,56,'2',NULL,NULL,'2025-06-26 14:37:14',19,NULL),(180,175,10,122,NULL,20,56,'0',NULL,NULL,'2025-06-26 14:37:14',19,NULL),(181,176,10,122,NULL,20,56,'2',NULL,NULL,'2025-06-26 14:37:14',19,NULL),(182,177,10,122,NULL,20,56,'0',NULL,NULL,'2025-06-26 14:37:14',19,NULL),(183,178,10,122,NULL,20,56,'2',NULL,NULL,'2025-06-26 14:37:14',19,NULL);
/*!40000 ALTER TABLE `qlt_responses` ENABLE KEYS */;
UNLOCK TABLES;

--
-- Table structure for table `qnt_areas`
--

DROP TABLE IF EXISTS `qnt_areas`;
/*!40101 SET @saved_cs_client     = @@character_set_client */;
/*!50503 SET character_set_client = utf8mb4 */;
CREATE TABLE `qnt_areas` (
  `id` int NOT NULL AUTO_INCREMENT,
  `text_ar` varchar(255) NOT NULL,
  `text_en` varchar(255) DEFAULT NULL,
  PRIMARY KEY (`id`)
) ENGINE=InnoDB AUTO_INCREMENT=24 DEFAULT CHARSET=utf8mb4 COLLATE=utf8mb4_0900_ai_ci;
/*!40101 SET character_set_client = @saved_cs_client */;

--
-- Dumping data for table `qnt_areas`
--

LOCK TABLES `qnt_areas` WRITE;
/*!40000 ALTER TABLE `qnt_areas` DISABLE KEYS */;
INSERT INTO `qnt_areas` VALUES (2,'البنية التحتية للقسم الأكاديمي','Infrastructure of the Academic Department'),(3,'التعليم الذي يقدمه البرنامج الأكاديمي والبرامج التخصصية','Education Provided by the Academic Program and Specialized Programs'),(4,'الموظفون الإداريون في القسم وفق المؤهل العلمي','Administrative Staff in the Department by Qualification'),(5,'المكتبة','Library'),(6,'المخصصات المالية للقسم','Financial Allocations for the Department'),(7,'أعضاء هيئة التدريس المتفرغين للبرنامج الأكاديمي','Full-time Faculty Members for the Academic Program'),(8,'أعضاء هيئة التدريس غير المتفرغين للبرنامج الأكاديمي','Part-time Faculty Members for the Academic Program'),(9,'مساعدو أعضاء هيئة التدريس (المعيدون) موزعون حسب المؤهل','Teaching Assistants (Demonstrators) by Qualification'),(10,'الترقيات العلمية لأعضاء هيئة التدريس في القسم','Scientific Promotions for Faculty Members in the Department'),(11,'تقويم الأداء لأعضاء هيئة التدريس','Performance Evaluation for Faculty Members'),(12,'مدى مساهمة المؤسسة في إثراء أداء هيئة التدريس','Extent of Institution’s Contribution to Enhancing Faculty Performance'),(13,'متوسط ساعات العبء التدريسي لأعضاء هيئة التدريس','Average Teaching Load Hours for Faculty Members'),(14,'أعداد الطلبة في القسم موزعين حسب النوع الاجتماعي','Number of Students in the Department by Gender'),(15,'أعداد الطلبة حسب المستوى الدراسي','Number of Students by Academic Level'),(16,'أعداد الطلبة المفصولين والمنسحبين والمحولين','Number of Dismissed, Withdrawn, and Transferred Students'),(17,'تقديرات الطلبة الخريجين خلال الأعوام الثلاثة الأخيرة','Graduates’ Grades over the Last Three Years'),(18,'نسبة الطلبة إلى أعضاء هيئة التدريس','Student-to-Faculty Ratio'),(19,'عدد الطلبة المتوقع تخرجهم في العام الأكاديمي الحالي','Number of Students Expected to Graduate in the Current Academic Year'),(20,'متطلبات البرنامج الأكاديمي من المقررات الدراسية','Academic Program Requirements of Courses'),(21,'البحث العلمي والأنشطة الأكاديمية','Scientific Research and Academic Activities'),(22,'الجوائز العلمية التي حصل عليها البرنامج خلال السنوات الخمس الأخيرة','Scientific Awards Received by the Program in the Last Five Years'),(23,'الإنجازات التي حققها القسم في مجال خدمة المجتمع','Achievements of the Department in Community Service');
/*!40000 ALTER TABLE `qnt_areas` ENABLE KEYS */;
UNLOCK TABLES;

--
-- Table structure for table `qnt_headers`
--

DROP TABLE IF EXISTS `qnt_headers`;
/*!40101 SET @saved_cs_client     = @@character_set_client */;
/*!50503 SET character_set_client = utf8mb4 */;
CREATE TABLE `qnt_headers` (
  `id` int NOT NULL AUTO_INCREMENT,
  `num` int NOT NULL,
  `text` varchar(255) NOT NULL,
  `text_en` varchar(255) DEFAULT NULL,
  PRIMARY KEY (`id`)
) ENGINE=InnoDB AUTO_INCREMENT=87 DEFAULT CHARSET=utf8mb4 COLLATE=utf8mb4_0900_ai_ci;
/*!40101 SET character_set_client = @saved_cs_client */;

--
-- Dumping data for table `qnt_headers`
--

LOCK TABLES `qnt_headers` WRITE;
/*!40000 ALTER TABLE `qnt_headers` DISABLE KEYS */;
INSERT INTO `qnt_headers` VALUES (1,2,'أبنية القسم','Department Buildings'),(2,2,'العدد','Number'),(3,2,'متوسط المساحة ( متر مربع )','Average Area (square meters)'),(4,2,'متوسط عدد المستخدمين فيها','Average Number of Users'),(5,2,'متوسط ساعات التشغيل أو الإستخدام','Average Operating or Usage Hours'),(6,3,'اسم القسم (البرنامج العام)','Department Name (General Program)'),(7,3,'اسم الفرع (البرنامج التخصصي)','Branch Name (Specialized Program)'),(8,3,'تاريخ التأسيس','Date of Establishment'),(9,3,'عدد طلبة الدراسات الدنيا','Number of undergraduate students'),(10,3,'عدد طلبة الدراسات العليا','Number of postgraduate students'),(11,3,'عدد أعضاء هيئة التدريس الماجستير','Number of faculty members with a Master\'s degree'),(12,3,'عدد أعضاء هيئة التدريس الدكتوراه','Number of faculty members with a Doctorate'),(13,4,'المؤهل العلمي','Academic Qualification'),(14,4,'عدد الموظفين على الملاك الدائم','Number of permanent employees'),(15,4,'عدد الموظفين بعقود','Number of employees on contracts'),(16,5,'الموارد المادية الخاصة بالبرنامج الأكاديمي','Material resources for the academic program'),(17,5,'العدد','Number'),(18,6,'المخصصات المالية للقسم لعام التقويم (بالدولار)','Department\'s financial allocations for the evaluation year (in dollars)'),(19,6,'المخصصات المالية للقسم للعام الذي يسبق التقويم (بالدولار)','Departments\'financial allocations for the year preceding the evaluation (in dollars)'),(20,7,'الرتبة العلمية','Academic Rank'),(21,7,'العدد','Number'),(22,7,'النسبة المئوية','Percentage'),(23,8,'الرتبة العلمية','Academic Rank'),(24,8,'العدد','Number'),(25,8,'النسبة المئوية','Percentage'),(26,9,'العنوان الوظيفي','Job Title'),(27,9,'العدد','Number'),(28,9,'النسبة المئوية','Percentage'),(29,10,'الترقيات العلمية التي أحرزها أعضاء هيئة التدريس','Academic promotions achieved by faculty members'),(30,10,'العدد','Number'),(31,11,'تقويم الأداء السنوي لأعضاء هيئة التدريس للعام الذي يسبق التقويم','Annual performance evaluation of faculty members for the year preceding the evaluation'),(32,11,'العدد','Number'),(33,11,'النسبة المئوية','Percentage'),(34,12,'طبيعة العمل','Nature of Work'),(35,12,'متوسط ساعات العمل الأسبوعية','Average weekly working hours'),(36,12,'أستاذ','Professor'),(37,12,'أستاذ مشارك','Associate Professor'),(38,12,'أستاذ مساعد','Assistant Professor'),(39,13,'الرتبة العلمية','Academic Rank'),(40,13,'عدد ساعات النصاب المحددة','Number of specified quorum hours'),(41,13,'عدد ساعات العبء الإضافي','Number of additional workload hours'),(42,14,'اسم البرنامج الأكاديمي','Academic Program Name'),(43,14,'ذكور','Males'),(44,14,'إناث','Females'),(45,15,'اسم البرنامج الأكاديمي','Academic Program Name'),(46,15,'اسم القسم','Department Name'),(47,15,'عدد الطلبة في مستوى السنة','Number of students by year level'),(48,15,'الأولى','First'),(49,15,'الثانية','Second'),(50,15,'الثالثة','Third'),(51,15,'الرابعة','Fourth'),(52,15,'الخامسة','Fifth'),(53,15,'السادسة','Sixth'),(54,16,'العام الدراسي','Academic Year'),(55,16,'مجموع الطلبة المفصولين','Total dismissed students'),(56,16,'مجموع الطلبة المنسحبين','Total withdrawn students'),(57,16,'مجموع الطلبة المؤجلين','Total deferred students'),(58,17,'التقدير','Grade/Rating'),(59,17,'ممتاز','Excellent'),(60,17,'جيد جداً','Very Good'),(61,17,'جيد','Good'),(62,17,'متوسط','Average/Medium'),(63,17,'ضعيف','Poor/Weak'),(64,17,'المجموع','Total'),(65,18,'المؤشر','Indicator'),(66,18,'العدد في عام التقويم','Number in the evaluation year'),(67,18,'العدد في العام السابق للتقويم','Number in the year preceding the evaluation'),(68,18,'نسبة أعداد أعضاء هيئة التدريس إلى الطلبة','Ratio of faculty members to students'),(69,18,'نسبة الزيادة أو النقصان عن العام الذي يسبق التقويم','Percentage of increase or decrease from the previous year'),(70,19,'عدد الخريجين موزعين حسب الجنس','Number of graduates by gender'),(71,19,'المعدل العام للطلبة الخريجين','Average GPA of graduating students'),(72,19,'عدد الخريجين الذين يواصلون تعليمهم في مستوى الدراسات العليا','Number of graduates pursuing postgraduate studies'),(73,19,'نسبة الطلبة المسجلين إلى الخريجين','Ratio of enrolled students to graduates'),(74,19,'متوسط بقاء الطالب المتخرج في البرنامج الأكاديمي مقدرة بالسنوات','Average duration of a graduate\'s stay in the academic program (in years)'),(75,20,'نوع المقررات الدراسية','Type of courses'),(76,20,'عدد الساعات المعتمدة','Number of credit hours'),(77,20,'النسبة المئوية','Percentage'),(78,21,'المؤشر','Indicator'),(79,21,'العدد','Number'),(80,22,'اسم الجائزة','Award Name'),(81,22,'الجهة المانحة (محلية/عربية/عالمية)','Awarding Body (Local/Arab/International)'),(82,22,'مجال التخصص','Field of Specialization'),(83,22,'اسم عضو هيئة التدريس','Faculty Member\'s Name'),(84,22,'تاريخ الحصول عليها','Date Obtained'),(85,23,'الإنجاز','Achievement'),(86,23,'العدد','Number');
/*!40000 ALTER TABLE `qnt_headers` ENABLE KEYS */;
UNLOCK TABLES;

--
-- Table structure for table `qnt_items`
--

DROP TABLE IF EXISTS `qnt_items`;
/*!40101 SET @saved_cs_client     = @@character_set_client */;
/*!50503 SET character_set_client = utf8mb4 */;
CREATE TABLE `qnt_items` (
  `id` int NOT NULL AUTO_INCREMENT,
  `area_id` int NOT NULL,
  `name` varchar(255) NOT NULL,
  `name_en` varchar(255) DEFAULT NULL,
  PRIMARY KEY (`id`),
  KEY `area_id` (`area_id`),
  CONSTRAINT `qnt_items_ibfk_1` FOREIGN KEY (`area_id`) REFERENCES `qnt_areas` (`id`)
) ENGINE=InnoDB AUTO_INCREMENT=94 DEFAULT CHARSET=utf8mb4 COLLATE=utf8mb4_0900_ai_ci;
/*!40101 SET character_set_client = @saved_cs_client */;

--
-- Dumping data for table `qnt_items`
--

LOCK TABLES `qnt_items` WRITE;
/*!40000 ALTER TABLE `qnt_items` DISABLE KEYS */;
INSERT INTO `qnt_items` VALUES (1,2,'المكتبة','The Library'),(2,2,'القاعات الدراسية','Classrooms'),(3,2,'المختبرات البحثية','Research Laboratories'),(4,2,'مختبرات الحاسوب','Computer Labs'),(5,2,'مكائن ومعدات','Machinery and Equipment'),(6,2,'المراكز (تقنيات التعليم، الاختبارات والمقاييس)','Centers (e.g., Educational Technology, Testing & Measurement)'),(7,2,'الورش الفنية','Technical Workshops'),(8,2,'مكاتب الإداريين','Administrative Offices'),(9,2,'مكاتب أعضاء هيئة التدريس','Faculty Members\' Offices'),(10,4,'ماجستير أو أعلى','Master\'s or higher'),(11,4,'دبلوم عالي','Higher Diploma'),(12,4,'بكالوريوس','Bachelor\'s Degree'),(13,4,'دبلوم فني','Technical Diploma'),(14,4,'ثانوية عامة','High School'),(15,4,'دون الثانوية','Below High School'),(16,5,'الكتب الورقية','Paper Books'),(17,5,'الكتب الإلكترونية','Electronic Books (e-books)'),(18,5,'الموسوعات والمعاجم','Encyclopedias and Dictionaries'),(19,5,'الدوريات','Periodicals / Journals'),(20,5,'قواعد البيانات الإلكترونية','Electronic Databases'),(21,5,'الأجهزة المخصصة للبحث','Dedicated Research Devices'),(22,5,'المقاعد المخصصة للمطالعة','Reading Seats'),(23,5,'مجموع الموظفين في المكتبة','Total Library Staff'),(24,7,'أستاذ','Professor'),(25,7,'أستاذ مشارك','Associate Professor'),(26,7,'أستاذ مساعد','Assistant Professor'),(27,7,'مدرس','Lecturer / Instructor'),(28,7,'رتب أخرى (كرسي اليونسكو، متميز، شرف، الخ).','Other Ranks (e.g., UNESCO Chair, Distinguished, Honorary)'),(29,8,'أستاذ','Professor'),(30,8,'أستاذ مشارك','Associate Professor'),(31,8,'أستاذ مساعد','Assistant Professor'),(32,8,'مدرس','Lecturer / Instructor'),(33,8,'رتب أخرى (كرسي اليونسكو، متميز، شرف، الخ).','Other Ranks (e.g., UNESCO Chair, Distinguished, Honorary)'),(34,10,'أرتبة أستاذ','Professor Rank'),(35,10,'رتبة أستاذ مشارك','Associate Professor Rank'),(36,10,'رتبة أستاذ مساعد','Assistant Professor Rank'),(37,11,'ممتاز','Excellent'),(38,11,'جيد جدا','Very Good'),(39,11,'جيد','Good'),(40,11,'متوسط','Average / Fair'),(41,12,'التدريس','Teaching'),(42,12,'الساعات المكتبية مع الطلبة','Office Hours with Students'),(43,12,'الإشراف على الرسائل العلمية','Thesis Supervision'),(44,12,'البحث العلمي','Scientific Research'),(45,12,'إرشاد الطلبة','Student Advising'),(46,12,'عضوية اللجان','Committee Membership'),(47,12,'خدمة المجتمع','Community Service'),(48,12,'مجموع الساعات','Total Hours'),(49,13,'أستاذ','Professor'),(50,13,'أستاذ مشارك','Associate Professor'),(51,13,'أستاذ مساعد','Assistant Professor'),(52,13,'مدرس','Lecturer / Instructor'),(53,17,'عدد الطلبة لعام التقويم','Number of students for the evaluation year'),(54,17,'النسبة المئوية لعام التقويم','Percentage for the evaluation year'),(55,17,'عدد الطلبة للعام السابق','Number of students for the previous year'),(56,17,'النسبة المئوية للعام السابق','Percentage for the previous year'),(57,17,'عدد الطلبة قبل عامين','Number of students two years ago'),(58,17,'النسبة المئوية قبل عامين','Percentage two years ago'),(59,18,'مجموع الطلبة في البكالوريوس','Total Bachelor\'s students'),(60,18,'مجموع الطلبة في الدراسات العليا','Total postgraduate students'),(61,18,'مجموع أعضاء هيئة التدريس','Total faculty members'),(62,18,'مجموع الفنيين في المختبرات','Total lab technicians'),(63,18,'مجموع أعداد الإداريين','Total administrative staff'),(64,19,'ذكور','Males'),(65,19,'إناث','Females'),(66,19,'المجموع','Total'),(67,20,'متطلبات الجامعة','University Requirements'),(68,20,'متطلبات الكلية','College/Faculty Requirements'),(69,20,'متطلبات القسم التخصصية','Department Specialization Requirements'),(70,20,'متطلبات القسم الاختيارية','Department Elective Requirements'),(71,20,'المتطلبات الحرة','Free Electives'),(72,20,'المجموع','Total'),(73,21,'البحوث العلمية المنشورة في مجلات دولية متخصصة ومحكمة.','Scientific research published in specialized and peer-reviewed international journals.'),(74,21,'البحوث العلمية المنشورة في مجلات عربية محكمة.','Scientific research published in peer-reviewed Arab journals.'),(75,21,'البحوث العلمية المنشورة في مجلات محلية محكمة.','Scientific research published in peer-reviewed local journals.'),(76,21,'المؤلفات الموافق لأعضاء هيئة التدريس.','Books authored by faculty members.'),(77,21,'الكتب المرجعية لأعضاء هيئة التدريس.','Reference books by faculty members.'),(78,21,'الكتب المترجمة لأعضاء هيئة التدريس.','Books translated by faculty members.'),(79,21,'أعضاء هيئة التدريس المراجعين بمجلات بحثية.','Faculty members serving as reviewers for research journals.'),(80,21,'رسائل الدبلوم العالي التي تم مناقشتها.','Higher Diploma theses defended.'),(81,21,'رسائل الماجستير التي تم مناقشتها.','Master\'s theses defended.'),(82,21,'رسائل الدكتوراه التي تم مناقشتها.','Doctoral dissertations defended.'),(83,21,'المؤتمرات والندوات وورش العمل والحلقات الدراسية التي نظمها القسم أو الكلية.','Conferences, seminars, workshops, and study circles organized by the department or college.'),(84,21,'المؤتمرات والندوات وورش العمل والحلقات الدراسية التي شارك بها أعضاء هيئة التدريس خارج المؤسسة وداخلها.','Conferences, seminars, workshops, and study circles attended by faculty members (internal & external).'),(85,21,'عدد أعضاء هيئة التدريس المشاركين في المؤتمرات وورش العمل والندوات الدراسية.','Number of faculty members participating in conferences, workshops, and seminars.'),(86,21,'المؤتمرات الدولية التي شارك بها أعضاء هيئة التدريس.','International conferences attended by faculty members.'),(87,23,'المعارض الفنية، والصناعية، ومعارض الكتب.','Art, industrial, and book exhibitions.'),(88,23,'الندوات الثقافية، والمؤتمرات، والحلقات العلمية.','Cultural seminars, conferences, and scientific circles.'),(89,23,'الاستشارات العلمية المقدمة لمؤسسات المجتمع المحلي.','Scientific consultations provided to local community institutions.'),(90,23,'معالجة مشكلات وقضايا اجتماعية.','Addressing social problems and issues.'),(91,23,'تطوير شبكات وبرامج حاسوبية.','Development of computer networks and programs.'),(92,23,'اللجان العلمية، والثقافية، والتقنية المؤقتة والدائمة التي يشارك بها أعضاء هيئة التدريس والإداريين من القسم مع المؤسسات والوزارات والنقابات والاتحادات.','Scientific, cultural, and technical committees (temporary & permanent) with participation from department faculty and staff with institutions, ministries, and unions.'),(93,23,'المساهمة في الجمعيات العلمية.','Contribution to scientific societies.');
/*!40000 ALTER TABLE `qnt_items` ENABLE KEYS */;
UNLOCK TABLES;

--
-- Table structure for table `qnt_responses`
--

DROP TABLE IF EXISTS `qnt_responses`;
/*!40101 SET @saved_cs_client     = @@character_set_client */;
/*!50503 SET character_set_client = utf8mb4 */;
CREATE TABLE `qnt_responses` (
  `id` int NOT NULL AUTO_INCREMENT,
  `header_id` int NOT NULL,
  `item_id` int NOT NULL,
  `program_id` int NOT NULL,
  `user_id` int NOT NULL,
  `value` varchar(255) DEFAULT NULL,
  `created_at` timestamp NULL DEFAULT CURRENT_TIMESTAMP,
  `updated_at` timestamp NULL DEFAULT CURRENT_TIMESTAMP ON UPDATE CURRENT_TIMESTAMP,
  PRIMARY KEY (`id`),
  UNIQUE KEY `unique_entry` (`header_id`,`item_id`,`program_id`,`user_id`),
  KEY `item_id` (`item_id`),
  KEY `program_id` (`program_id`),
  KEY `user_id` (`user_id`),
  CONSTRAINT `qnt_responses_ibfk_1` FOREIGN KEY (`header_id`) REFERENCES `qnt_headers` (`id`),
  CONSTRAINT `qnt_responses_ibfk_2` FOREIGN KEY (`item_id`) REFERENCES `qnt_items` (`id`),
  CONSTRAINT `qnt_responses_ibfk_3` FOREIGN KEY (`program_id`) REFERENCES `programs` (`id`),
  CONSTRAINT `qnt_responses_ibfk_4` FOREIGN KEY (`user_id`) REFERENCES `users` (`id`)
) ENGINE=InnoDB AUTO_INCREMENT=125 DEFAULT CHARSET=utf8mb4 COLLATE=utf8mb4_0900_ai_ci;
/*!40101 SET character_set_client = @saved_cs_client */;

--
-- Dumping data for table `qnt_responses`
--

LOCK TABLES `qnt_responses` WRITE;
/*!40000 ALTER TABLE `qnt_responses` DISABLE KEYS */;
INSERT INTO `qnt_responses` VALUES (1,1,1,122,19,'105','2025-06-04 00:29:43','2025-06-19 15:19:14'),(2,2,1,122,19,'12','2025-06-04 00:29:43','2025-06-04 00:29:43'),(3,3,1,122,19,'12','2025-06-04 00:29:43','2025-06-04 00:29:43'),(8,4,1,122,19,'52','2025-06-05 12:39:56','2025-06-05 12:51:50'),(21,5,1,122,19,'100','2025-06-05 12:52:11','2025-06-05 12:52:11'),(23,1,2,122,19,'50','2025-06-05 12:52:27','2025-06-05 12:52:27'),(30,1,3,122,19,'1','2025-06-05 12:52:59','2025-06-05 12:52:59'),(31,1,4,122,19,'54','2025-06-05 12:52:59','2025-06-05 12:52:59'),(32,1,5,122,19,'5','2025-06-05 12:52:59','2025-06-05 12:52:59'),(33,1,6,122,19,'5','2025-06-05 12:52:59','2025-06-05 12:52:59'),(34,1,7,122,19,'54','2025-06-05 12:52:59','2025-06-05 12:52:59'),(35,1,8,122,19,'4','2025-06-05 12:52:59','2025-06-05 12:52:59'),(36,1,9,122,19,'4','2025-06-05 12:52:59','2025-06-05 12:52:59'),(38,2,2,122,19,'45','2025-06-05 12:52:59','2025-06-05 12:52:59'),(39,2,3,122,19,'15','2025-06-05 12:52:59','2025-06-05 12:52:59'),(40,2,4,122,19,'5','2025-06-05 12:52:59','2025-06-05 12:52:59'),(41,2,5,122,19,'45','2025-06-05 12:52:59','2025-06-05 12:52:59'),(42,2,6,122,19,'45','2025-06-05 12:52:59','2025-06-05 12:52:59'),(43,2,7,122,19,'54','2025-06-05 12:52:59','2025-06-05 12:52:59'),(44,2,8,122,19,'54','2025-06-05 12:52:59','2025-06-05 12:52:59'),(45,2,9,122,19,'5','2025-06-05 12:52:59','2025-06-05 12:52:59'),(47,3,2,122,19,'654','2025-06-05 12:52:59','2025-06-05 12:52:59'),(48,3,3,122,19,'5','2025-06-05 12:52:59','2025-06-05 12:52:59'),(49,3,4,122,19,'456','2025-06-05 12:52:59','2025-06-05 12:52:59'),(50,3,5,122,19,'4','2025-06-05 12:52:59','2025-06-05 12:52:59'),(51,3,6,122,19,'45','2025-06-05 12:52:59','2025-06-05 12:52:59'),(52,3,7,122,19,'54','2025-06-05 12:52:59','2025-06-05 12:52:59'),(53,3,8,122,19,'54','2025-06-05 12:52:59','2025-06-05 12:52:59'),(54,3,9,122,19,'454','2025-06-05 12:52:59','2025-06-05 12:52:59'),(56,4,2,122,19,'2','2025-06-05 12:52:59','2025-06-05 12:52:59'),(57,4,3,122,19,'54','2025-06-05 12:52:59','2025-06-05 12:52:59'),(58,4,4,122,19,'45','2025-06-05 12:52:59','2025-06-05 12:52:59'),(59,4,5,122,19,'54','2025-06-05 12:52:59','2025-06-05 12:52:59'),(60,4,6,122,19,'4','2025-06-05 12:52:59','2025-06-05 12:52:59'),(61,4,7,122,19,'5','2025-06-05 12:52:59','2025-06-05 12:52:59'),(62,4,8,122,19,'54','2025-06-05 12:52:59','2025-06-05 12:52:59'),(63,4,9,122,19,'54','2025-06-05 12:52:59','2025-06-05 12:52:59'),(65,5,2,122,19,'3','2025-06-05 12:52:59','2025-06-05 12:52:59'),(66,5,3,122,19,'6','2025-06-05 12:52:59','2025-06-05 12:52:59'),(67,5,4,122,19,'46','2025-06-05 12:52:59','2025-06-05 12:52:59'),(68,5,5,122,19,'54','2025-06-05 12:52:59','2025-06-05 12:52:59'),(69,5,6,122,19,'54','2025-06-05 12:52:59','2025-06-05 12:52:59'),(70,5,7,122,19,'45','2025-06-05 12:52:59','2025-06-05 12:52:59'),(71,5,8,122,19,'5','2025-06-05 12:52:59','2025-06-05 12:52:59'),(72,5,9,122,19,'5','2025-06-05 12:52:59','2025-06-05 12:52:59'),(73,6,1,122,19,'123','2025-06-05 13:09:22','2025-06-05 13:09:22'),(74,7,1,122,19,'123','2025-06-05 13:09:22','2025-06-05 13:09:22'),(75,8,1,122,19,'123','2025-06-05 13:09:22','2025-06-05 13:09:22'),(76,9,1,122,19,'123','2025-06-05 13:09:22','2025-06-05 13:09:22'),(77,10,1,122,19,'123','2025-06-05 13:09:22','2025-06-05 13:09:22'),(78,11,1,122,19,'123','2025-06-05 13:09:22','2025-06-05 13:09:22'),(79,12,1,122,19,'123','2025-06-05 13:09:22','2025-06-05 13:09:22');
/*!40000 ALTER TABLE `qnt_responses` ENABLE KEYS */;
UNLOCK TABLES;

--
-- Table structure for table `report`
--

DROP TABLE IF EXISTS `report`;
/*!40101 SET @saved_cs_client     = @@character_set_client */;
/*!50503 SET character_set_client = utf8mb4 */;
CREATE TABLE `report` (
  `id` int NOT NULL,
  `dom` int DEFAULT NULL,
  `result` text,
  `result_en` varchar(255) DEFAULT NULL,
  PRIMARY KEY (`id`)
) ENGINE=InnoDB DEFAULT CHARSET=utf8mb4 COLLATE=utf8mb4_0900_ai_ci;
/*!40101 SET character_set_client = @saved_cs_client */;

--
-- Dumping data for table `report`
--

LOCK TABLES `report` WRITE;
/*!40000 ALTER TABLE `report` DISABLE KEYS */;
INSERT INTO `report` VALUES (1,1,'  وجود هدفٍ عام للبرنامج الأكاديمي موثقٍ ومعلنٍ عنه بشكل واضح، ومعمم على الجهات المعنية، وأن يحدد هذا الهدف المعارف والمهارات المتوخاة، وبما يتوافق مع حاجات سوق العمل.','A documented and clearly announced general objective for the academic program, circulated to stakeholders, specifying the intended knowledge and skills.'),(2,1,'	وجود أهداف تفصيلية موثقة ومعممة تنبثق عن الهدف العام للبرنامج الأكاديمي.','Existence of documented and circulated detailed objectives that stem from the general objective of the academic program.'),(3,1,'‌انسجام أهداف البرنامج الأكاديمي مع السياسة العامة للمؤسسة التعليمية.','Consistency of the academic program\'s objectives with the educational institution\'s general policy.'),(4,1,'وجود مخرجات تعلم من معارف ومهارات قابلة للقياس والتحقق، موثقة ومعممة، وبما ينسجم مع الأهداف المعلنة للبرنامج الأكاديمي.','Existence of measurable and verifiable learning outcomes (knowledge and skills) that are documented, circulated, and consistent with the program\'s announced objectives.'),(5,1,'استناد أهداف البرنامج ومخرجات التعلم إلى أسس مرجعية على المستوى المحلي والإقليمي والعالمي.','The program\'s objectives and learning outcomes are based on local, regional, and international benchmarks.'),(6,1,'  وجود آليات وأدوات لقياس مخرجات التعلم والاستفادة منها في مراجعة البرنامج الأكاديمي وتقويمه.','Existence of mechanisms and tools to measure learning outcomes and use them in the review and evaluation of the academic program.'),(7,1,'مدى تحقيق الطلبة الخريجين لمخرجات التعلم.','The extent to which graduating students achieve the learning outcomes.'),(8,1,'مشاركة الجهات المعنية من: أعضاء هيئة التدريس، والطلبة، والخريجين، وأفراد من المجتمع المحلي في عملية تصميم أهداف البرنامج الأكاديمي ومراجعته.','Participation of stakeholders (faculty, students, graduates, and local community members) in the process of designing and reviewing the academic program\'s objectives.'),(9,1,'فهم واستيعاب أعضاء هيئة التدريس والطلبة لأهداف البرنامج الأكاديمي ومخرجات التعلم','Faculty members\' and students\' understanding and comprehension of the academic program\'s objectives and learning outcomes.'),(10,2,'توافق الخطة الدراسية مع أهداف البرنامج الأكاديمي ومخرجات التعلم.','The study plan\'s compatibility with the academic program\'s objectives and learning outcomes.'),(11,2,'وجود خطة دراسية تفصيلية للبرنامج الأكاديمي تبين المقررات الدراسية وتصنيفها وتسلسلها، وتوضح عدد ساعات الدراسة المتوقعة من الطالب لكل مقرر دراسي.','Existence of a detailed study plan for the academic program showing courses, their classification and sequence, and clarifying the expected study hours for each course.'),(12,2,'استناد الخطة الدراسية إلى مرجعيات محلية وإقليمية وعالمية.','The study plan is based on local, regional, and international benchmarks.'),(13,2,'تغطية الخطة الدراسية لحقول المعرفة المختلفة في التخصص.','The study plan covers the various fields of knowledge in the specialization.'),(14,2,'وجود خطة دراسية تفصيلية لكل مقرر دراسي، تتضمن كل من( الوصف العام للمقرر الدراسي، بيان نسبة النظري والعملي للمقرر الدراسي، الهدف العام والأهداف التفصيلية، مخرجات التعلم، المحتويات التفصيلية للمقرر الدراسي، الجدول الزمني للمحاضرات، أساليب التدريس والتقويم، الكتاب المعتمد والمراجع المساندة).','Existence of a detailed study plan for each course, including (a general description, the ratio of theoretical to practical work, the general objective, etc.).'),(15,2,'توثيق المنهاج الدراسي وإعلانه بكافة تفاصيله لأصحاب العلاقة.','The curriculum is documented and all its details are announced to stakeholders.'),(16,2,'حداثة المنهاج الدراسي واتساقه مع التوجهات الحديثة في التخصص والبحث العلمي ذات العلاقة به.','The curriculum is up-to-date and consistent with modern trends in the specialization and related scientific research.'),(17,2,'مراجعة المنهاج الدراسي بشكل دوري.','The curriculum is reviewed periodically.'),(18,2,'التوازن بين الشمولية والعمق معاً في المحتوى العلمي للمقررات الدراسية.','A balance between breadth and depth in the scientific content of the courses.'),(19,3,'تنوع أساليب التدريس بما يلائم المنهاج المقرر.','Diversity of teaching methods appropriate to the prescribed curriculum.'),(20,3,'فاعلية أساليب التدريس والتعلم المستخدمة في تحقيق أهداف البرنامج الأكاديمي ومخرجات التعلم.','Effectiveness of the teaching and learning methods used in achieving the academic program\'s objectives and learning outcomes.'),(21,3,'مدى تغطية الجوانب النظرية والعملية بما يلائم طبيعة محتوى المقرر الدراسي.','The extent to which theoretical and practical aspects are covered in a manner appropriate to the nature of the course content.'),(22,3,'إثراء العملية التدريسية بمخرجات البحث العلمي الخاص بأعضاء هيئة التدريس ومدى مرونة المنهاج الدراسي لتحقيق ذلك.','Enrichment of the teaching process with the outcomes of faculty members\' scientific research and the curriculum\'s flexibility to achieve this.'),(23,3,'مدى مساهمة أساليب التدريس والتعلم في إكساب وتطوير المهارات الأساسية التي يتطلبها سوق العمل.','The extent to which teaching and learning methods contribute to acquiring and developing the basic skills required by the labor market.'),(24,3,'تعزيز التعلم الذاتي لدى الطلبة.','Fostering self-learning among students.'),(25,3,'التفاعل الإيجابي بين الطلبة وأعضاء هيئة التدريس.','Positive interaction between students and faculty members.'),(26,3,'التفاعل الإيجابي  بين الطلبة وتنمية روح الفريق الواحد لديهم.','Positive interaction among students and the development of a team spirit.'),(27,3,'استخدام  تكنولوجيا المعلومات والاتصالات في العملية التدريسية.','Use of information and communication technology in the teaching process.'),(28,3,'وجود نظام لتقويم العملية التدريسية بشكل دوري والإجراءات المترتبة على ذلك.','Existence of a system for periodically evaluating the teaching process and the resulting procedures.'),(29,4,'توفر كادر تدريسي متفرغ مناسب من حيث العدد والخبرة وتنوع التخصصات.','Availability of adequate full-time teaching staff in terms of number, experience, and diversity of specializations.'),(30,4,'تغطية أعضاء هيئة التدريس لكافة المجالات المعرفية للتخصص.','Faculty members cover all knowledge areas of the specialization.'),(31,4,'التأهيل التربوي والمهني والأكاديمي لأعضاء هيئة التدريس الجدد.','Pedagogical, professional, and academic orientation for new faculty members.'),(32,4,'التطوير الأكاديمي المستمر لأعضاء هيئة التدريس لمواكبة التطورات الحديثة في مجال التخصص.','Continuous academic development for faculty members to keep pace with modern developments in their field.'),(33,4,'التواصل بين أعضاء هيئة التدريس والكوادر الفنية والإدارية المساندة.','Communication between faculty members and the supporting technical and administrative staff.'),(34,4,'التواصل بين أعضاء هيئة التدريس والطلبة.','Communication between faculty members and students.'),(35,4,'وجود آليات مناسبة للتعيين والترقية.','Existence of suitable mechanisms for appointment and promotion.'),(36,4,'وجود نظام متكامل لتقويم أعضاء الهيئة التدريسية دورياً والارتقاء بهم.','Existence of an integrated system for periodically evaluating and advancing faculty members.'),(37,4,'مدى ثبات الكادر التدريسي ونسبة استمرارهم في عملهم.','The stability of the teaching staff and their retention rate.'),(38,4,'مدى مشاركة أعضاء الهيئة التدريسية في المؤتمرات والنشاطات العلمية.','The extent of faculty members\' participation in conferences and scientific activities.'),(39,4,'مدى حرية ومسئولية أعضاء الهيئة التدريسية في تقويم وتطوير المنهاج الدراسي.','The extent of faculty members\' freedom and responsibility in evaluating and developing the curriculum.'),(40,4,'توفر البيئة والوقت لأعضاء الهيئة التدريسية للتطوير المهني والنشاط البحثي.','Availability of environment and time for faculty members for professional development and research activities.'),(41,4,'وجود آلية لاستقطاب أعضاء هيئة تدريس من ذوي الكفاءة.','Existence of a mechanism to attract highly qualified faculty members.'),(42,4,'مدى تفعيل إجازات التفرغ العلمي وأية حوافز أخرى متوفرة لأعضاء هيئة التدريس.','The extent to which sabbatical leaves and any other available incentives for faculty members are utilized.'),(43,5,'توفر الأجهزة والتجهيزات والمواد والبرمجيات المناسبة للتخصص.','Availability of appropriate devices, equipment, materials, and software for the specialization.'),(44,5,'ملاءمة مصادر التعلم للتخصص.','Suitability of learning resources for the specialization.'),(45,5,'حسن استخدام مصادر التعلم في العملية التعليمية.','Proper use of learning resources in the educational process.'),(46,5,'  توفر الكتب والدوريات وتنوعها وحداثتها وتغطيتها لجميع مجالات المعرفة في التخصص.','Availability, variety, modernity, and coverage of books and periodicals for all knowledge areas in the specialization.'),(47,5,'توفر مكتبة متكاملة من حيث أوعية المعلومات والتجهيزات والكوادر الفنية المتخصصة لخدمة التخصص.','Availability of a comprehensive library in terms of information resources, equipment, and specialized technical staff to serve the specialization.'),(48,5,'الاشتراك في قواعد المعلومات الإلكترونية في مجال التخصص.','Subscription to electronic databases in the field of specialization.'),(49,5,'وجود نظام إلكتروني لإدارة المحتوى التعليمي وتوفر المواد الإلكترونية.','Existence of an electronic system for managing educational content and the availability of electronic materials.'),(50,5,'توفر نظام إلكتروني للبحث عن المعلومات في المكتبة بالإضافة إلى المكتبات الإلكترونية.','Availability of an electronic system for information retrieval in the library, in addition to electronic libraries.'),(51,6,'مدى تحصيل الطلبة لمخرجات التعلم التي تؤهلهم للحصول على الدرجة العلمية.','The extent of students\' attainment of learning outcomes that qualify them for the academic degree.'),(52,6,'قدرة الطلبة على اجتياز امتحانات الكفاءة عند التخرج، إن وجدت.','Students\' ability to pass competency exams upon graduation, if any.'),(53,6,'مدى نجاح الطلبة الخريجين في سوق العمل ودرجة إنجازهم.','The success rate of graduate students in the labor market and their degree of achievement.'),(54,6,'تقدم الطلبة وإكتسابهم المهارات اللازمة لكل مستوى دراسي.','Students\' progress and acquisition of the necessary skills for each academic level.'),(55,6,'توفر إجراءات تمكن الطلبة من مراجعة علاماتهم ومناقشتها.','Availability of procedures that enable students to review and discuss their grades.'),(56,6,'قدرة أساليب التقويم المستخدمة على تحديد مستويات الطلبة. ','The ability of the assessment methods used to determine student levels.'),(57,6,'تنوع أساليب تقويم أداء الطلبة وملاءمتها للتخصص.','Variety and suitability of student performance assessment methods for the specialization.'),(58,6,'مساهمة أساليب التقويم في التعلم والاستفادة من التغذية الراجعة.','The contribution of assessment methods to learning and benefiting from feedback.'),(59,6,'الشفافية والعدالة في أساليب التقويم.','Transparency and fairness in assessment methods.'),(60,6,'وجود ممتحنين أو مقومين داخليين وخارجيين.','Existence of internal and external examiners or assessors.'),(61,6,'قدرة أساليب التقويم على قياس مخرجات التعلم.','The ability of assessment methods to measure learning outcomes.'),(62,7,'توفر قاعات تدريس مناسبة مزودة بالأدوات والتجهيزات اللازمة للتخصص.','Availability of suitable classrooms equipped with the necessary tools and equipment for the specialization.'),(63,7,'توفر مكاتب مناسبة لأعضاء هيئة التدريس.','Availability of suitable offices for faculty members.'),(64,7,'توفر مختبرات مناسبة مجهزة بالأجهزة اللازمة للتخصص.','Availability of suitable laboratories equipped with the necessary devices for the specialization.'),(65,7,'توفر مرافق متكاملة (ملاعب، مطاعم، معارض، قاعات نشاطات، صالات رياضية، مصليات،....الخ).','Availability of integrated facilities (playgrounds, restaurants, galleries, activity halls, gyms, prayer rooms, etc.).'),(66,7,'تزويد الهيئة التدريسية بخدمة مناسبة للإنترنت والطباعة وأية خدمات إلكترونية أخرى ضرورية للتخصص.','Providing faculty with adequate internet, printing, and other necessary electronic services for the specialization.'),(67,7,'مدى استطاعة الهيئة التدريسية والفنية والإدارية والطلبة من استخدام أنظمة المعلومات الإلكترونية المساندة حسب طبيعة الحاجة.','The ability of faculty, technical and administrative staff, and students to use supporting electronic information systems as needed.'),(68,7,'فاعلية مكتب توظيف الخريجين وتأهيلهم بالمهارات المطلوبة لسوق العمل.','Effectiveness of the graduate employment office in qualifying them with the skills required for the labor market.'),(69,7,'توفر وحدة للإرشاد النفسي المتخصص.','Availability of a specialized psychological counseling unit.'),(70,7,'فاعلية مكتب الإرشاد الأكاديمي والنفسي للطلبة.','Effectiveness of the academic and psychological counseling office for students.'),(71,7,'تغطية الحرم الجامعي بخدمة إنترنت عامة للطلاب والعاملين.','Campus-wide coverage of public internet service for students and staff.'),(72,7,'مراعاة المرافق والخدمات المساندة لذوي الاحتياجات الخاصة.','Consideration for persons with special needs in facilities and support services.'),(73,7,'توفر كافة الخدمات الإدارية والمرافق اللازمة لأعضاء هيئة التدريس في القسم.','Availability of all necessary administrative services and facilities for faculty members in the department.'),(74,8,'وجود نشرة تعريفية للقسم تحتوي على أهداف القسم ورؤيته ورسالته ومدى الالتزام بها.','Existence of a departmental introductory brochure containing its objectives, vision, mission, and the extent of commitment to them.'),(75,8,'وجود رئيس قسم ذي خبرة أكاديمية وإدارية مناسبة قي مجال التخصص لإدارة القسم والارتقاء به. ','Existence of a department head with appropriate academic and administrative experience in the field to manage and advance the department.'),(76,8,'وجود مجلس قسم ولجان مساندة تجتمع بانتظام وتوثق أعمالها وتتابع قراراتها.','Existence of a department council and supporting committees that meet regularly, document their work, and follow up on their decisions.'),(77,8,'توفر بيئة مناسبة تشجع العمل بروح الفريق الواحد.','Availability of a suitable environment that encourages teamwork.'),(78,8,'مشاركة الطلبة في اتخاذ القرار، والحصول على التغذية الراجعة منهم.','Student participation in decision-making and obtaining their feedback.'),(79,8,'توفر سكرتاريا وكادر إداري كافٍ ومناسب لضمان حسن سير العمل في القسم.','Availability of a sufficient and suitable secretariat and administrative staff to ensure the smooth running of work in the department.'),(80,8,'توفر الكوادر الفنية المؤهلة لخدمة البرنامج الأكاديمي.','Availability of qualified technical staff to serve the academic program.'),(81,8,'تنمية وتطوير المهارات والقدرات الفنية والمهنية للكوادر المساندة في مجال التخصص لمواكبة التطورات الحديثة.','Development of the technical and professional skills and abilities of the support staff in the specialization to keep pace with modern developments.'),(82,8,'توفر أرشيف متكامل للقسم.','Availability of a comprehensive archive for the department.'),(83,8,'وجود برنامج تعريفي وتوجيهي للطلبة الجدد.','Existence of an orientation and guidance program for new students.'),(84,8,'وجود دعم أكاديمي للطلاب خارج نطاق المحاضرات.','Existence of academic support for students outside of lectures.'),(85,8,'توفر شروط  تكافؤ الفرص في قبول الطلبة.','Availability of equal opportunity conditions in student admissions.'),(86,8,'توفر موازنة مالية خاصة بالبرنامج الأكاديمي / القسم.','Availability of a special financial budget for the academic program/department.'),(87,8,'وجود استقلال أكاديمي وإداري ومالي لتحقيق أهداف القسم.','Existence of academic, administrative, and financial independence to achieve the department\'s objectives.'),(88,9,'نشاط البحث العلمي لأعضاء هيئة التدريس.','Scientific research activity of faculty members.'),(89,9,'مدى مساهمة أعضاء هيئة التدريس في خدمة المجتمع.','The extent of faculty members\' contribution to community service.'),(90,9,'علاقة ونشاط القسم الأكاديمي مع مؤسسات المجتمع المحلي ذات العلاقة.','The academic department\'s relationship and activities with relevant local community institutions.'),(91,9,'أي إتفاقيات وتعاون مع المجتمع المحلي والمؤسسات التعليمية ومراكز الأبحاث.','Any agreements and cooperation with the local community, educational institutions, and research centers.'),(92,9,'تمثيل المؤسسات المختلفة ذات العلاقة في المجالس واللجان.','Representation of relevant institutions on councils and committees.'),(93,9,'التواصل مع الطلبة الخريجين ووجود نادي خريجين لهم.','Communication with graduate students and the existence of an alumni club for them.'),(94,9,'مدى استعانة القسم بمحاضرين غير متفرغين من أصحاب الخبرة العملية في الشركات والمؤسسات ذات العلاقة.','The extent to which the department utilizes part-time lecturers with practical experience from relevant companies and institutions.'),(95,9,'توفر بيئة داعمة ومحفزة للبحث العلمي.','Availability of a supportive and stimulating environment for scientific research.'),(96,9,'مدى تفعيل إجازات التفرغ العلمي لأعضاء هيئة التدريس.','The extent to which sabbatical leaves for faculty members are utilized.'),(97,9,'مدى تفعيل إجازات الزيارة العلمية لأعضاء هيئة التدريس من القسم وإليه.','The extent to which visiting scholar leaves for faculty members (from and to the department) are utilized.'),(98,9,'مدى مشاركة الطلبة في أنشطة البحث العلمي.','The extent of student participation in scientific research activities.'),(99,9,'وجود نظام ابتعاث للطلبة المتميزين. ','Existence of a scholarship system for outstanding students.'),(100,10,'وجود آليات ملائمة ومفعلة للاستمرار في تحسين وتطوير العملية التدريسية.','Existence of appropriate and activated mechanisms for the continuous improvement and development of the teaching process.'),(101,10,'وجود وحدة فاعلة لضمان الجودة.','Existence of an effective quality assurance unit.'),(102,10,'وجود تقويم ذاتي في الجامعة على مستوى التخصصات.','Existence of self-assessment at the university level for specializations.'),(103,10,'وجود دليل ضمان جودة لتوثيق الآليات والإجراءات وتحديد المسؤليات.','Existence of a quality assurance manual to document mechanisms and procedures and define responsibilities.'),(104,10,'وجود علاقة مع مؤسسات الاعتماد المهنية في مجال التخصص. ','Existence of a relationship with professional accreditation bodies in the field of specialization.'),(105,10,'وجود نظام تقويم داخلي وخارجي.','Existence of an internal and external evaluation system.'),(106,10,'وجود آليات للتطوير الأكاديمي والمهني والتربوي المستمر لأعضاء هيئة التدريس والكوادر المساندة.','Existence of mechanisms for continuous academic, professional, and pedagogical development for faculty and support staff.'),(107,10,'وجود آليات واضحة وملائمة للتخصص لقبول الطلبة.','Existence of clear and appropriate mechanisms for the specialization for student admissions.'),(108,10,'مدى تطبيق آليات وإجراءات إدارة الجودة وفاعليتها في تحسين الجودة.','The extent of application and effectiveness of quality management mechanisms and procedures in improving quality.'),(109,10,'مدى توثيق القسم لكافة إجراءاته وللبيانات ذات العلاقة في عملية تقويمه وتطويره.','The extent to which the department documents all its procedures and related data in its evaluation and development process.'),(110,10,'مدى استخدام نتائج التقويم للتطوير والتحسين وبخطة زمنية موثقة.','The extent to which evaluation results are used for development and improvement according to a documented timeline.');
/*!40000 ALTER TABLE `report` ENABLE KEYS */;
UNLOCK TABLES;

--
-- Table structure for table `report_result`
--

DROP TABLE IF EXISTS `report_result`;
/*!40101 SET @saved_cs_client     = @@character_set_client */;
/*!50503 SET character_set_client = utf8mb4 */;
CREATE TABLE `report_result` (
  `id` int NOT NULL AUTO_INCREMENT,
  `ind` int DEFAULT NULL,
  `domain` int DEFAULT NULL,
  `program` int DEFAULT NULL,
  `result` text,
  `weak` text,
  `improve_weak` text,
  `power` text,
  `improve_power` text,
  `time` timestamp NULL DEFAULT CURRENT_TIMESTAMP ON UPDATE CURRENT_TIMESTAMP,
  PRIMARY KEY (`id`)
) ENGINE=InnoDB AUTO_INCREMENT=22 DEFAULT CHARSET=utf8mb4 COLLATE=utf8mb4_0900_ai_ci;
/*!40101 SET character_set_client = @saved_cs_client */;

--
-- Dumping data for table `report_result`
--

LOCK TABLES `report_result` WRITE;
/*!40000 ALTER TABLE `report_result` DISABLE KEYS */;
INSERT INTO `report_result` VALUES (1,NULL,NULL,NULL,NULL,NULL,NULL,NULL,NULL,'2025-06-20 19:34:31'),(2,NULL,NULL,NULL,NULL,NULL,NULL,NULL,NULL,'2025-06-20 19:34:37'),(3,NULL,NULL,NULL,NULL,NULL,NULL,NULL,NULL,'2025-06-20 19:34:42'),(4,NULL,NULL,NULL,NULL,NULL,NULL,NULL,NULL,'2025-06-20 19:34:52'),(5,NULL,NULL,NULL,NULL,NULL,NULL,NULL,NULL,'2025-06-20 19:34:57'),(6,NULL,NULL,NULL,NULL,NULL,NULL,NULL,NULL,'2025-06-20 19:36:03'),(7,NULL,NULL,NULL,NULL,NULL,NULL,NULL,NULL,'2025-06-20 19:36:07'),(8,NULL,NULL,NULL,NULL,NULL,NULL,NULL,NULL,'2025-06-21 18:24:48'),(9,NULL,NULL,NULL,NULL,NULL,NULL,NULL,NULL,'2025-06-21 18:24:50'),(10,NULL,NULL,NULL,NULL,NULL,NULL,NULL,NULL,'2025-06-21 18:24:53'),(11,NULL,NULL,NULL,NULL,NULL,NULL,NULL,NULL,'2025-06-21 18:25:17'),(12,NULL,NULL,NULL,'{\"requirementFulfillment\":\"<p>Hello my name is ameer yasen</p>\"}',NULL,NULL,NULL,NULL,'2025-06-21 22:42:30'),(13,9,1,122,'<p>My name is Ameer Yasen</p>','<p>jjk</p>','<p>adsfdsaf</p>','<p>I am strong and indebendint</p>','<p>dasfdsf</p>','2025-06-26 14:48:19'),(14,6,1,122,'<p>dsafasdf</p>','<p>lets try the short cut</p>','<p>asdf</p>','<p>this is another test</p>','<p>sadf</p>','2025-06-26 14:48:43'),(15,8,1,122,'<p>asdfsdaf</p>','<p>adsfdsf</p>','<p>asdfdsa</p>','<p>adfsfsda</p>','<p>asdfdfs</p>','2025-06-26 14:48:13'),(16,7,1,122,'<p>dasf	dasf		d</p>','<p>asdf</p>','<p>asdffd</p>','<p>sadf</p>','<p>sdaf</p>','2025-06-26 14:48:36'),(17,5,1,122,'<p>asdfasdf</p>','<p>asdfdsaf</p>','<p>adsfasdf</p>','<p>asdfasdf</p>','<p>dasfasdf</p>','2025-06-26 14:48:51'),(18,4,1,122,'<p>asdfsdaf</p>','<p>asdfsdaf</p>','<p>dsafdsaf</p>','<p>asdfsadf</p>','<p>asdfdsaf</p>','2025-06-26 14:48:58'),(19,3,1,122,'<p>sdafdsfa</p>','<p>asdfdsaf</p>','<p>asdfadsfdf</p>','<p>asdfadsf</p>','<p>asdffds</p>','2025-06-26 14:49:07'),(20,2,1,122,'<p>dasfsdaf</p>','<p>asdfdsaf</p>','<p>asdfdsaf</p>','<p>sadfsadf</p>','<p>asdfadfsadf</p>','2025-06-26 14:49:15'),(21,1,1,122,'<p>sadfsadf</p>','<p>sadfsadf</p>','<p>dasfdsfa</p>','<p>asdfsadf</p>','<p>dsafdsaf</p>','2025-06-26 14:49:28');
/*!40000 ALTER TABLE `report_result` ENABLE KEYS */;
UNLOCK TABLES;

--
-- Table structure for table `revoked_tokens`
--

DROP TABLE IF EXISTS `revoked_tokens`;
/*!40101 SET @saved_cs_client     = @@character_set_client */;
/*!50503 SET character_set_client = utf8mb4 */;
CREATE TABLE `revoked_tokens` (
  `id` int NOT NULL AUTO_INCREMENT,
  `token` text NOT NULL,
  `revoked_at` timestamp NULL DEFAULT CURRENT_TIMESTAMP,
  PRIMARY KEY (`id`)
) ENGINE=InnoDB DEFAULT CHARSET=utf8mb4 COLLATE=utf8mb4_0900_ai_ci;
/*!40101 SET character_set_client = @saved_cs_client */;

--
-- Dumping data for table `revoked_tokens`
--

LOCK TABLES `revoked_tokens` WRITE;
/*!40000 ALTER TABLE `revoked_tokens` DISABLE KEYS */;
/*!40000 ALTER TABLE `revoked_tokens` ENABLE KEYS */;
UNLOCK TABLES;

--
-- Table structure for table `universities`
--

DROP TABLE IF EXISTS `universities`;
/*!40101 SET @saved_cs_client     = @@character_set_client */;
/*!50503 SET character_set_client = utf8mb4 */;
CREATE TABLE `universities` (
  `id` int NOT NULL AUTO_INCREMENT,
  `name` varchar(255) NOT NULL,
  `email` varchar(255) DEFAULT NULL,
  `website` varchar(255) DEFAULT NULL,
  `address` text,
  `logo` varchar(255) DEFAULT NULL,
  `phone` varchar(50) DEFAULT NULL,
  `tax` varchar(100) DEFAULT NULL,
  `head_name` varchar(255) DEFAULT NULL,
  `authority_id` int DEFAULT NULL,
  `created_at` timestamp NULL DEFAULT CURRENT_TIMESTAMP,
  PRIMARY KEY (`id`),
  UNIQUE KEY `name` (`name`),
  KEY `authority_id` (`authority_id`),
  CONSTRAINT `universities_ibfk_1` FOREIGN KEY (`authority_id`) REFERENCES `authorities` (`id`) ON DELETE SET NULL
) ENGINE=InnoDB AUTO_INCREMENT=24 DEFAULT CHARSET=utf8mb4 COLLATE=utf8mb4_0900_ai_ci;
/*!40101 SET character_set_client = @saved_cs_client */;

--
-- Dumping data for table `universities`
--

LOCK TABLES `universities` WRITE;
/*!40000 ALTER TABLE `universities` DISABLE KEYS */;
INSERT INTO `universities` VALUES (2,'Birzeit University','info@birzeit.edu','https://www.birzeit.edu','Birzeit, West Bank, Palestine','/logos/birzeit.png','+970 2 298 2000','PS-TAX-BZU01','Dr. Talal Shahwan',2,'2025-05-15 21:48:00'),(3,'An-Najah National University','info@najah.edu','https://www.najah.edu','Nablus, West Bank, Palestine','/logos/najah.png','+970 9 234 5113','PS-TAX-ANU01','Prof. Abdel Nasser Zaid',2,'2025-05-15 21:48:00'),(4,'Al-Quds University','info@alquds.edu','https://www.alquds.edu','Abu Dis, Jerusalem, Palestine','/logos/alquds.png','+970 2 275 6200','PS-TAX-AQU01','Prof. Imad Abu Kishk',2,'2025-05-15 21:48:00'),(5,'Hebron University','info@hebron.edu','https://www.hebron.edu','Hebron, West Bank, Palestine','/logos/hebron.png','+970 2 222 0995','PS-TAX-HBU01','Dr. Salah Al-Zaro',2,'2025-05-15 21:48:00'),(6,'Palestine Polytechnic University','info@ppu.edu','https://www.ppu.edu','Hebron, West Bank, Palestine','/logos/ppu.png','+970 2 223 3050','PS-TAX-PPU01','Dr. Mustafa Abu Safa',2,'2025-05-15 21:48:00'),(7,'Bethlehem University','info@bethlehem.edu','https://www.bethlehem.edu','Bethlehem, West Bank, Palestine','/logos/bethlehem.png','+970 2 274 1241','PS-TAX-BTU01','Brother Peter Bray',2,'2025-05-15 21:48:00'),(17,'AmeerUniversity','ameryasen45@gmail.com',NULL,'Ameer street\n',NULL,'123',NULL,'Ameer Yasen 3',2,'2025-05-19 20:53:28');
/*!40000 ALTER TABLE `universities` ENABLE KEYS */;
UNLOCK TABLES;

--
-- Table structure for table `users`
--

DROP TABLE IF EXISTS `users`;
/*!40101 SET @saved_cs_client     = @@character_set_client */;
/*!50503 SET character_set_client = utf8mb4 */;
CREATE TABLE `users` (
  `id` int NOT NULL AUTO_INCREMENT,
  `username` varchar(100) NOT NULL,
  `email` varchar(150) NOT NULL,
  `password` varchar(255) NOT NULL,
  `role` enum('admin','authority','university','college','department') NOT NULL,
  `authority_id` int DEFAULT NULL,
  `university_id` int DEFAULT NULL,
  `college_id` int DEFAULT NULL,
  `department_id` int DEFAULT NULL,
  `is_active` tinyint(1) DEFAULT '1',
  `created_at` timestamp NULL DEFAULT CURRENT_TIMESTAMP,
  `image_url` varchar(255) DEFAULT NULL,
  PRIMARY KEY (`id`),
  UNIQUE KEY `username` (`username`),
  UNIQUE KEY `email` (`email`),
  KEY `authority_id` (`authority_id`),
  KEY `university_id` (`university_id`),
  KEY `college_id` (`college_id`),
  KEY `department_id` (`department_id`),
  CONSTRAINT `users_ibfk_1` FOREIGN KEY (`authority_id`) REFERENCES `authorities` (`id`) ON DELETE SET NULL,
  CONSTRAINT `users_ibfk_2` FOREIGN KEY (`university_id`) REFERENCES `universities` (`id`) ON DELETE SET NULL,
  CONSTRAINT `users_ibfk_3` FOREIGN KEY (`college_id`) REFERENCES `colleges` (`id`) ON DELETE SET NULL,
  CONSTRAINT `users_ibfk_4` FOREIGN KEY (`department_id`) REFERENCES `departments` (`id`) ON DELETE SET NULL,
  CONSTRAINT `users_ibfk_5` FOREIGN KEY (`department_id`) REFERENCES `departments` (`id`) ON DELETE SET NULL
) ENGINE=InnoDB AUTO_INCREMENT=31 DEFAULT CHARSET=utf8mb4 COLLATE=utf8mb4_0900_ai_ci;
/*!40101 SET character_set_client = @saved_cs_client */;

--
-- Dumping data for table `users`
--

LOCK TABLES `users` WRITE;
/*!40000 ALTER TABLE `users` DISABLE KEYS */;
INSERT INTO `users` VALUES (1,'admin','admin@acadrev.com','$2a$15$I7ZrVOpLzB51VvJ8PLJfK.0wrAXyD2BszFNtIYHbCxIFQlS/h8Rg6','admin',NULL,NULL,NULL,NULL,1,'2025-05-15 21:23:59',NULL),(4,'ameer','ameer@acadrev.com','$2a$15$uoWt/a4h6CvRqCCwrMD7N.IobB2M94cA0ogF2AlagUKhtP2GqCGSe','admin',NULL,NULL,NULL,NULL,1,'2025-05-15 21:26:45',NULL),(6,'taqi','admdin@acadrev.com','$2a$08$SUOdqY4P2Y/1Jq3QVra3jecFrPvBY4wOOi8FCBC4schDQEb0dFC8e','admin',NULL,NULL,NULL,NULL,1,'2025-05-16 13:21:41',NULL),(8,'ameerauth','auth1@acadrev.com','$2a$08$gObIvPYFJ.sgqkTQ5myrWOTZV3tmivkyq3sUQCFnyU5deTkGzqFuq','authority',2,NULL,NULL,NULL,1,'2025-05-16 23:12:49',NULL),(10,'ameerUni','ameryasen45@gmail.com','$2b$10$7BS/uBB9lNFlArke3K7FkerkcB7qcWWF2UTTt6h7w5Uf3PEMWzw.e','university',2,17,NULL,NULL,1,'2025-05-19 20:53:28',NULL),(12,'ameerCollege','ameer@gmail.com','$2b$10$qKdroPcjE38KupXWirkPFOUh8JG9yiKYEFqNel66uPMSTDc1dd3eq','college',NULL,17,20,NULL,1,'2025-05-20 23:16:31',NULL),(19,'ameerDep','admin@department.com','$2b$10$IWVb2fYKXwLJD52tLLGoCOfA93GZ0JcOw/no.t0kL1dpbwH8EMh6W','department',NULL,NULL,20,56,1,'2025-05-29 23:16:29','https://th.bing.com/th/id/OIP.DMjmM1ROE5kH4AaoRGw3mgHaEK?w=282&h=180&c=7&r=0&o=7&dpr=1.3&pid=1.7&rm=3');
/*!40000 ALTER TABLE `users` ENABLE KEYS */;
UNLOCK TABLES;

--
-- Dumping events for database 'acadrev2'
--

--
-- Dumping routines for database 'acadrev2'
--
/*!40103 SET TIME_ZONE=@OLD_TIME_ZONE */;

/*!40101 SET SQL_MODE=@OLD_SQL_MODE */;
/*!40014 SET FOREIGN_KEY_CHECKS=@OLD_FOREIGN_KEY_CHECKS */;
/*!40014 SET UNIQUE_CHECKS=@OLD_UNIQUE_CHECKS */;
/*!40101 SET CHARACTER_SET_CLIENT=@OLD_CHARACTER_SET_CLIENT */;
/*!40101 SET CHARACTER_SET_RESULTS=@OLD_CHARACTER_SET_RESULTS */;
/*!40101 SET COLLATION_CONNECTION=@OLD_COLLATION_CONNECTION */;
/*!40111 SET SQL_NOTES=@OLD_SQL_NOTES */;

-- Dump completed on 2025-07-07 18:00:00
